ID.GG,Block_ID.GG,Connected_Gene_Protein.GG_Human,Gene_Protein.GG_Human,Connection_Type.GG_Human,Regulation_Level.GG_Human,Disease.GG_Human,Treatment_Exposure.GG_Human,Associated_Factors.GG_Human,Cellline.GG_Human,Species.GG_Human,Tissue.GG_Human,Confidence.GG_Human,Type_of_Evidence.GG_Human,Sentence.GG_Human,Gene_Protein_unnormalized.GG_Human,Gene_Protein_normalized.GG_Human,Connected_Gene_Protein_unnormalized.GG_Human,Connected_Gene_Protein_normalized.GG_Human,Source_Human,Connected_Gene_Protein.GG_AI,Gene_Protein.GG_AI,Connection_Type.GG_AI,Regulation_Level.GG_AI,Disease.GG_AI,Treatment_Exposure.GG_AI,Associated_Factors.GG_AI,Cellline.GG_AI,Species.GG_AI,Tissue.GG_AI,Confidence.GG_AI,Type_of_Evidence.GG_AI,Sentence.GG_AI,Unnamed:_15.GG_AI,Gene_Protein_unnormalized.GG_AI,Gene_Protein_normalized.GG_AI,Connected_Gene_Protein_unnormalized.GG_AI,Connected_Gene_Protein_normalized.GG_AI,Source_AI,Human_Index,AI_Index
pmc10367263,1.0,myc,runx2,activator,transcription,cancer(osteosarcoma)(sarcoma),,increased cell survival,os cells,,bone,high,citation,"[10,11]",runx2,runx2,myc,myc,human,myc,runx2,activator,transcription,cancer(osteosarcoma)(sarcoma),,,,,,high,direct,"[146,167]",,runx2,runx2,myc,myc,ai,1,2
pmc10367263,1.0,sox9,runx2,target,,cancer(osteosarcoma)(sarcoma),,runx2-regulated transcriptional circuitry that promotes os cell survival,,,bone,high,citation,"[18,19,22]",runx2,runx2,sox9,sox9,human,myc,runx2,activator,transcription,cancer(osteosarcoma)(sarcoma),,,,,,high,direct,"[146,167]",,runx2,runx2,myc,myc,ai,3,2
pmc10367263,1.0,myc,sox9,activator,,cancer(osteosarcoma)(sarcoma),,,,,bone,high,citation,[20],sox9,sox9,myc,myc,human,myc,sox9,activator,transcription,cancer(osteosarcoma)(sarcoma),,,,,,high,citation,"[143,146]",,sox9,sox9,myc,myc,ai,4,3
pmc10367263,1.0,myc,runx2,activator,,cancer(osteosarcoma)(sarcoma),,,,,bone,high,citation,[20],runx2,runx2,myc,myc,human,myc,runx2,activator,transcription,cancer(osteosarcoma)(sarcoma),,,,,,high,direct,"[146,167]",,runx2,runx2,myc,myc,ai,5,2
pmc10367263,1.0,jmjd1c,sox9,target,,cancer(osteosarcoma)(sarcoma),,jmjd1c as potential therapeutic target,,,bone,high,citation,[21],sox9,sox9,jmjd1c,jmjd1c,human,sox9(p),jmjd1c(p),connected,,cancer(osteosarcoma)(sarcoma),,cell survival,,,,medium,indirect,"[160,161]",,jmjd1c(p),jmjd1c,sox9(p),sox9,ai,6,6
pmc10367263,1.0,jmjd1c,sox9,target,,cancer(osteosarcoma)(sarcoma),,jmjd1c as potential therapeutic target,,,bone,high,citation,[21],sox9,sox9,jmjd1c,jmjd1c,human,sox9(p),jmjd1c(p),connected,,cancer(osteosarcoma)(sarcoma),,,,,,high,direct,"[147,149]",,jmjd1c(p),jmjd1c,sox9(p),sox9,ai,6,7
pmc10367263,2.0,myc(g),sox9(g),activator,,cancer(osteosarcoma)(sarcoma),sox9 knockdown by shrnas,,os cells,,,high,direct,"[90,91,92,96,97]",sox9(g),sox9,myc(g),myc,human,myc(g),sox9(g),activator,transcription,cancer(osteosarcoma)(sarcoma),,,,,,high,direct,"[90,91,92,96]",,sox9(g),sox9,myc(g),myc,ai,32,23
pmc10367263,2.0,runx2(p),sox9(p),connected,protein,cancer(osteosarcoma)(sarcoma),,,saos2,human,,high,direct,"[97,98,105,106,107,114]",sox9(p),sox9,runx2(p),runx2,human,runx2(p),sox9(p),connected,,cancer(osteosarcoma)(sarcoma),,,saos2,,,high,direct,"[106,107,110,111]",,sox9(p),sox9,runx2(p),runx2,ai,33,24
pmc10367263,2.0,jmjd1c(p),sox9(p),connected,protein,cancer(osteosarcoma)(sarcoma),,,dunn cells,mouse,,high,direct,"[97,98]",sox9(p),sox9,jmjd1c(p),jmjd1c,human,jmjd1c(p),sox9(p),connected,,cancer(osteosarcoma)(sarcoma),,,saos2,,,high,direct,"[114,123]",,sox9(p),sox9,jmjd1c(p),jmjd1c,ai,34,25
pmc10367263,2.0,jmjd1c(p),sox9(p),connected,protein,cancer(osteosarcoma)(sarcoma),,,saos2,human,,high,"direct,indirect","[107,123,124,130]",sox9(p),sox9,jmjd1c(p),jmjd1c,human,sox9(p),jmjd1c(p),connected,,cancer(osteosarcoma)(sarcoma),,cell survival,,,,medium,indirect,[130],,jmjd1c(p),jmjd1c,sox9(p),sox9,ai,36,26
pmc10367263,2.0,p300(p),sox9(p),connected,protein,cancer(osteosarcoma)(sarcoma),,functional interaction,,,,high,citation,[118],sox9(p),sox9,p300(p),ep300,human,ep300(p),sox9(p),connected,,cancer(osteosarcoma)(sarcoma),,,,,,medium,citation,[118],,sox9(p),sox9,ep300(p),ep300,ai,37,27
pmc10367263,2.0,p300(p),sox9(p),connected,protein,cancer(osteosarcoma)(sarcoma),,functional interaction,,,,high,citation,[118],sox9(p),sox9,p300(p),ep300,human,p300(p),sox9(p),connected,,cancer(osteosarcoma)(sarcoma),,,,,,medium,citation,[118],,sox9(p),sox9,p300(p),ep300,ai,37,28
pmc10367263,4.0,sox9,runx2,activator,transcription,cancer(osteosarcoma)(sarcoma),,,,,,high,direct,"[143, 145,146,149,150]",runx2,runx2,sox9,sox9,human,sox9,runx2,activator,transcription,cancer(osteosarcoma)(sarcoma),,,,,,high,direct,"[143, 145,146,149,150]",,runx2,runx2,sox9,sox9,ai,39,39
pmc10367263,4.0,myc,runx2,activator,transcription,cancer(osteosarcoma)(sarcoma),,,,,,high,direct,"[146,167]",runx2,runx2,myc,myc,human,myc,runx2,activator,transcription,cancer(osteosarcoma)(sarcoma),,,,,,high,direct,"[146,167]",,runx2,runx2,myc,myc,ai,40,40
pmc10367263,4.0,myc,sox9,activator,transcription,cancer(osteosarcoma)(sarcoma),,,,,,high,citation,"[143,146]",sox9,sox9,myc,myc,human,myc,sox9,activator,transcription,cancer(osteosarcoma)(sarcoma),,,,,,high,citation,"[143,146]",,sox9,sox9,myc,myc,ai,41,41
pmc10367263,4.0,myc,jmjd1c,activator,,cancer(osteosarcoma)(sarcoma),,,,,,high,direct,[151],jmjd1c,jmjd1c,myc,myc,human,myc,jmjd1c,activator,,cancer(osteosarcoma)(sarcoma),,,,,,high,direct,[151],,jmjd1c,jmjd1c,myc,myc,ai,42,42
pmc10367263,4.0,stat3,jmjd1c,target,protein,cancer(osteosarcoma)(sarcoma),,,,,,high,citation,"[148,155]",jmjd1c,jmjd1c,stat3,stat3,human,stat3,jmjd1c,target,protein,cancer(osteosarcoma)(sarcoma),,,,,,high,citation,"[148,155]",,jmjd1c,jmjd1c,stat3,stat3,ai,43,43
pmc10367263,4.0,sox9(p),jmjd1c(p),connected,,cancer(osteosarcoma)(sarcoma),,cell survival,,,,medium,indirect,"[160,161]",jmjd1c(p),jmjd1c,sox9(p),sox9,human,sox9(p),jmjd1c(p),connected,,cancer(osteosarcoma)(sarcoma),,cell survival,,,,medium,indirect,"[160,161]",,jmjd1c(p),jmjd1c,sox9(p),sox9,ai,44,44
pmc10367263,4.0,sox9(p),jmjd1c(p),connected,,cancer(osteosarcoma)(sarcoma),,,,,,high,direct,"[147,149]",jmjd1c(p),jmjd1c,sox9(p),sox9,human,sox9(p),jmjd1c(p),connected,,cancer(osteosarcoma)(sarcoma),,,,,,high,direct,"[147,149]",,jmjd1c(p),jmjd1c,sox9(p),sox9,ai,45,45
pmc10367263,4.0,myc,menin,activator,,cancer(osteosarcoma)(sarcoma),,,,,,high,direct,"[143,146,167,168]",menin,men1,myc,myc,human,myc,menin,activator,,cancer(osteosarcoma)(sarcoma),,,,,,high,direct,"[143,146,167,168]",,menin,men1,myc,myc,ai,46,46
pmc10367263,4.0,menin(p),runx2(p),target,,cancer(osteosarcoma)(sarcoma),,,,,,high,direct,"[167,168]",runx2(p),runx2,menin(p),men1,human,menin(p),runx2(p),target,,cancer(osteosarcoma)(sarcoma),,,,,,high,direct,"[167,168]",,runx2(p),runx2,menin(p),men1,ai,47,47
pmc10367263,11.0,sox9,runx,connected,,cancer(osteosarcoma)(sarcoma),,,,mouse,,high,direct,[221],runx,runx(fam),sox9,sox9,human,sox9(g),runx2(g),activator,transcription,cancer(osteosarcoma)(sarcoma),,,,,,high,direct,"[218,221,223,225]",,runx2(g),runx2,sox9(g),sox9,ai,68,68
pmc4231107,1.0,tyrosinkinase(p),her2(g),activator,,cancer(her2 breast cancer)(carcinoma),trastuzumab,"cell growth regulation, chromsome 17q21",,,breast,high,citation,"[9,10,11,12]",her2(g),erbb2,tyrosinkinase(p),tyr(fam),human,tyr(p),her2(g),connected,,cancer(breast cancer)(carcinoma),,,,,,high,direct,[10],,her2(g),erbb2,tyr(p),tyr,ai,99,99
pmc4941290,3.0,pten(g)(mut),p53(g)(mut),connected,,cancer(prostate cancer)(na),,double knockout produces more agressive cancer than single knockouts with increased invasion and metastasis,"pten-ko, pten/p53-ko",mouse,prostate,high,direct,"[69,70,72,73,74]",p53(g)(mut),tp53,pten(g)(mut),pten,human,pten(g)(mut),p53(g)(mut),connected,,cancer(prostate cancer)(carcinoma),,,,,,high,direct,"[65,69,70,72,74,76]",,p53(g)(mut),tp53,pten(g)(mut),pten,ai,120,120
pmc4941290,8.0,p53(g),psa-cre promoter,inhibitor,transcription,cancer(prostate cancer)(na),,"represents loss of function mutation, disease progression",,,prostate,high,citation,[170],psa-cre promoter,psa-cre(path),p53(g),tp53,human,p53(g)(mut),psa(g),connected,,cancer(prostate cancer)(carcinoma),,,,mouse,,high,direct,"[170,177]",,psa(g),klk3,p53(g)(mut),tp53,ai,143,145
pmc4941290,8.0,pten,p53(g)(mut),connected,,"cancer(prostate cancer)(na), cancer(na)(adenocarcinoma)",,in presence of pten increased tumor growth and progression to adenocarcinoma and distant metastasis and decreased survival,,mouse,,high,direct,"[170,171]",p53(g)(mut),tp53,pten,pten,human,pten(g)(mut),p53(g)(mut),connected,,cancer(prostate cancer)(carcinoma),,,,mouse,,high,direct,"[168,171,172,173,174]",,p53(g)(mut),tp53,pten(g)(mut),pten,ai,144,143
pmc4941290,8.0,pten,p53(g)(mut),connected,,"cancer(prostate cancer)(na), cancer(na)(adenocarcinoma)",,in presence of pten increased tumor growth and progression to adenocarcinoma and distant metastasis and decreased survival,,mouse,,high,direct,"[170,171]",p53(g)(mut),tp53,pten,pten,human,p53(g)(mut),pten(g)(mut),connected,,cancer(prostate cancer)(carcinoma),,,,mouse,,high,direct,"[168,171,172,173,174]",,pten(g)(mut),pten,p53(g)(mut),tp53,ai,144,144
pmc4941290,9.0,akt,stat3,connected,protein,cancer(prostate cancer)(na),,increased stat3 phosphorylation decreased akt activity,,,,high,direct,"[188,191]",stat3,stat3,akt,akt(fam),human,akt(g),stat3(g),connected,,,,,,,,high,direct,[191],,stat3(g),stat3,akt(g),akt(fam),ai,152,165
pmc4941290,9.0,mapk,pi3k/akt(path),connected,protein,cancer(prostate cancer)(na),,inhibition of pi3k/akt pathway activates mapk,,,,low,indirect,"[188,192]",pi3k/akt(path),pi3k/akt(path),mapk,mapk(fam),human,mapk(g),pi3k(g),connected,,,,,,,,high,direct,"[189,192]",,pi3k(g),pik3c(fam),mapk(g),mapk(fam),ai,153,152
pmc4941290,9.0,jak/sta3(path),pi3k/akt(path),connected,protein,cancer(prostate cancer)(na),,inhibition of pi3k/akt pathway activates jak/sta,,,,low,indirect,"[188,192]",pi3k/akt(path),pi3k/akt(path),jak/sta3(path),jak/stat3(path),human,jak(g),pi3k(g),connected,,,,,,,,high,direct,"[189,192]",,pi3k(g),pik3c(fam),jak(g),jak(fam),ai,154,153
pmc4941290,9.0,jak/sta3(path),pi3k/akt(path),connected,protein,cancer(prostate cancer)(na),,inhibition of pi3k/akt pathway activates jak/sta,,,,low,indirect,"[188,192]",pi3k/akt(path),pi3k/akt(path),jak/sta3(path),jak/stat3(path),human,stat3(g),pi3k(g),connected,,,,,,,,high,direct,"[189,192]",,pi3k(g),pik3c(fam),stat3(g),stat3,ai,154,154
pmc4941290,9.0,jak/sta3(path),pi3k/akt(path),connected,protein,cancer(prostate cancer)(na),,inhibition of pi3k/akt pathway activates jak/sta,,,,low,indirect,"[188,192]",pi3k/akt(path),pi3k/akt(path),jak/sta3(path),jak/stat3(path),human,stat3(g),akt(g),connected,,,,,,,,high,direct,[192],,akt(g),akt(fam),stat3(g),stat3,ai,154,159
pmc4941290,12.0,akt,pi3k (path),connected,protein,(cancer)(pten-deficient prostate cancer)(na),akt inhibiton,preclinical evidence,,mouse,,high,direct,"[210,211]",pi3k (path),pik3c(fam),akt,akt(fam),human,akt(p),pi3k(p),connected,protein,cancer(prostate cancer)(carcinoma),,,,,,high,direct,[211],,pi3k(p),pik3c(fam),akt(p),akt(fam),ai,184,184
pmc6642263,1.0,p53(p),zeb1,inhibitor,"epigenetic, transcription, protein(l)",cancer(breast cancer)(sarcoma),chemical,"tumor growth, tumor progression",,,stromal,high,direct,"[9,10]",zeb1,zeb1,p53(p),tp53,human,p53(p),zeb1(p),inhibitor,transcription,cancer(breast cancer)(carcinoma),,,,,,medium,indirect,"[9,10,11]",,zeb1(p),zeb1,p53(p),tp53,ai,190,191
pmc6642263,9.0,p53(p),zeb1,inhibitor,protein,cancer(mammary cancer)(sarcoma),,regulation of p53 acetylation,pymt;zeb1fl/fl mammary tumors,mouse,stroma,high,direct,"[175,177,182,183,184,185,186,188,191]",zeb1,zeb1,p53(p),tp53,human,p53(p),zeb1(g),inhibitor,protein(l),cancer(breast cancer)(carcinoma),,,,,,high,direct,"[175,176,177,178,179,181,182,183,184,185,186,187,188,189,190,191,192,193,194,195,196,197,198,199,200,201,202,203,204]",,zeb1(g),zeb1,p53(p),tp53,ai,239,239
pmc6642263,9.0,p53(p),zeb1,inhibitor,,cancer(mammary cancer)(na),,,zeb1-shrna infected zeb1-silenced cafs,human,breast,high,direct,"[177,178]",zeb1,zeb1,p53(p),tp53,human,p53(p),zeb1(g),inhibitor,protein(l),cancer(breast cancer)(carcinoma),,,,,,high,direct,"[175,176,177,178,179,181,182,183,184,185,186,187,188,189,190,191,192,193,194,195,196,197,198,199,200,201,202,203,204]",,zeb1(g),zeb1,p53(p),tp53,ai,240,239
pmc6642263,9.0,survivin(p),zeb1(g)(mut),inhibitor,,cancer(mammary cancer)(na),,knock-out,"cafs,pymt-fib-wt, pymt-fib-cko",mouse,,high,direct,"[179,192]",zeb1(g)(mut),zeb1,survivin(p),birc5,human,survivin(g),zeb1(g),inhibitor,transcription,cancer(breast cancer)(carcinoma),,,,,,high,direct,[179],,zeb1(g),zeb1,survivin(g),birc5,ai,241,241
pmc6642263,9.0,p21,zeb1(g)(mut),activator,,cancer(mammary cancer)(na),,knock-out,"cafs,pymt-fib-wt, pymt-fib-cko",mouse,,high,direct,"[179,192]",zeb1(g)(mut),zeb1,p21,cdkn1a,human,p21(g),zeb1(g),activator,transcription,cancer(breast cancer)(carcinoma),,,,,,high,direct,"[177,178,179]",,zeb1(g),zeb1,p21(g),cdkn1a,ai,242,240
pmc6642263,9.0,zeb2,zeb1(g)(mut),inhibitor,,cancer(mammary cancer)(na),,knock-out,"cafs,pymt-fib-wt, pymt-fib-cko",mouse,,high,direct,"[179,180,192]",zeb1(g)(mut),zeb1,zeb2,zeb2,human,zeb2(g),zeb1(g),inhibitor,transcription,cancer(breast cancer)(carcinoma),,,,,,high,direct,[180],,zeb1(g),zeb1,zeb2(g),zeb2,ai,243,242
pmc6642263,9.0,snail1,zeb1(g)(mut),inhibitor,,cancer(mammary cancer)(na),,knock-out,"cafs,pymt-fib-wt, pymt-fib-cko",mouse,,high,direct,"[179,180,192]",zeb1(g)(mut),zeb1,snail1,snai1,human,snail1(g),zeb1(g),inhibitor,transcription,cancer(breast cancer)(carcinoma),,,,,,high,direct,[180],,zeb1(g),zeb1,snail1(g),snai1,ai,244,243
pmc6642263,9.0,p53(p),zeb1(g)(mut),activator,,cancer(mammary cancer)(na),,knock-out stabilizes p53,cafs,,,high,direct,[181],zeb1(g)(mut),zeb1,p53(p),tp53,human,zeb1(g),p53(p),inhibitor,protein(l),cancer(breast cancer)(carcinoma),,,,,,high,direct,"[175,176,177,178,179,181,182,183,184,185,186,187,188,189,190,191,192,193,194,195,196,197,198,199,200,201,202,203,204]",,p53(p),tp53,zeb1(g),zeb1,ai,245,245
pmc6642263,9.0,p300(p),zeb1(g)(mut),connected,protein,cancer(mammary cancer)(na),,"knock-out, upregulation of autocatalytic acetylation",cafs,"mouse, human",breast,high,direct,[189],zeb1(g)(mut),zeb1,p300(p),ep300,human,p300/cbp(p),zeb1(g),activator,protein(l),cancer(breast cancer)(carcinoma),,,,,,high,direct,[189],,zeb1(g),zeb1,p300/cbp(p),ep300,ai,246,244
pmc6642263,10.0,p53(p),zeb1,target,protein,cancer(mammary cancer)(na),,"regulation of acetylation, n-terminal zinc-finger binding domain","caf, 293t cells","human, mouse",breast,high,direct,"[208,209,210,217,222,223,226,229,237]",zeb1,zeb1,p53(p),tp53,human,p53(p),zeb1(p),connected,protein,,,,,,,high,direct,"[208,210,212,216,217,219,220,222,224,225,228,231,237]",,zeb1(p),zeb1,p53(p),tp53,ai,253,253
pmc6642263,10.0,p53(p),hdac1(p),target,protein,,,"catalysation of p53 deacetylation, promoting degradation, trimer with zeb1 as bridging molecule",,,,high,"citation,direct","[213,220,222,235,237]",hdac1(p),hdac1,p53(p),tp53,human,hdac1/2(p),p53(p),connected,protein,,,,,,,high,direct,"[213,218,219,220,221,222,223,233,234,235,237]",,p53(p),tp53,hdac1/2(p),hdac1/hdac2(fam),ai,254,255
pmc6642263,10.0,p53(p),hdac2(p),target,protein,,,"catalysation of p53 deacetylation, promoting degradation, trimer with zeb1 as bridging molecule",,,,high,"citation,direct","[213,220,222,235,237]",hdac2(p),hdac2,p53(p),tp53,human,hdac1/2(p),p53(p),connected,protein,,,,,,,high,direct,"[213,218,219,220,221,222,223,233,234,235,237]",,p53(p),tp53,hdac1/2(p),hdac1/hdac2(fam),ai,255,255
pmc6642263,10.0,hdac1(p),zeb1(p),target,protein,,,"n-terminal zinc-finger binding domain, forms trimer with p53",293t,,,high,direct,"[215,217,220,222,226,237]",zeb1(p),zeb1,hdac1(p),hdac1,human,hdac1/2(p),zeb1(p),connected,protein,,,,,,,high,direct,"[214,215,216,217,219,220,222,226,232,233,237]",,zeb1(p),zeb1,hdac1/2(p),hdac1/hdac2(fam),ai,256,254
pmc6642263,10.0,hdac2(p),zeb1(p),target,protein,,,"n-terminal zinc-finger binding domain, forms trimer with p53",293t,,,high,direct,"[215,217,220,222,226,237]",zeb1(p),zeb1,hdac2(p),hdac2,human,hdac1/2(p),zeb1(p),connected,protein,,,,,,,high,direct,"[214,215,216,217,219,220,222,226,232,233,237]",,zeb1(p),zeb1,hdac1/2(p),hdac1/hdac2(fam),ai,257,254
pmc6642263,11.0,fgf2,zeb1(g)(mut),inhibitor,transcription,cancer(na)(na),,"autocrine and paracrine signalling, stromal-epithelial interactions",,,"stroma, epithel",high,direct,"[242,243]",zeb1(g)(mut),zeb1,fgf2,fgf2,human,fgf2(g),zeb1(g)(mut),inhibitor,transcription,cancer(breast cancer)(carcinoma),,,,,,high,direct,"[243,245,246,250]",,zeb1(g)(mut),zeb1,fgf2(g),fgf2,ai,259,260
pmc6642263,11.0,fgf7,zeb1(g)(mut),inhibitor,transcription,cancer(na)(na),,"autocrine and paracrine signalling, stromal-epithelial interactions",,,"stroma, epithel",high,direct,"[242,243]",zeb1(g)(mut),zeb1,fgf7,fgf7,human,fgf7(g),zeb1(g)(mut),inhibitor,transcription,cancer(breast cancer)(carcinoma),,,,,,high,direct,"[243,245,246,250]",,zeb1(g)(mut),zeb1,fgf7(g),fgf7,ai,260,261
pmc6642263,11.0,vegfa,zeb1(g)(mut),inhibitor,transcription,cancer(na)(na),,"autocrine and paracrine signalling, stromal-epithelial interactions",,,"stroma, epithel",high,direct,"[242,243]",zeb1(g)(mut),zeb1,vegfa,vegfa,human,vegfa(g),zeb1(g)(mut),inhibitor,transcription,cancer(breast cancer)(carcinoma),,,,,,high,direct,"[243,245,246,250]",,zeb1(g)(mut),zeb1,vegfa(g),vegfa,ai,261,262
pmc6642263,11.0,il6,zeb1(g)(mut),inhibitor,transcription,cancer(na)(na),,"autocrine and paracrine signalling, stromal-epithelial interactions",,,"stroma, epithel",high,direct,"[242,243]",zeb1(g)(mut),zeb1,il6,il6,human,il6(g),zeb1(g)(mut),inhibitor,transcription,cancer(breast cancer)(carcinoma),,,,,,high,direct,"[243,245,246,250]",,zeb1(g)(mut),zeb1,il6(g),il6,ai,262,263
pmc6642263,11.0,fgf2,p53(p),inhibitor,"transcription,protein",cancer(na)(na),,"direct binding to proximal region, increased by zeb1 deletion",cafs,,,high,"citation, direct","[244,245,246,250]",p53(p),tp53,fgf2,fgf2,human,fgf2(g),p53(g),inhibitor,transcription,cancer(breast cancer)(carcinoma),,,,,,high,citation,[244],,p53(g),tp53,fgf2(g),fgf2,ai,263,264
pmc6642263,11.0,vegfa,p53(p),inhibitor,"transcription,protein",cancer(na)(na),,"direct binding to proximal region, increased by zeb1 deletion",cafs,,,high,"citation, direct","[244,245,246,250]",p53(p),tp53,vegfa,vegfa,human,vegfa(g),p53(g),inhibitor,transcription,cancer(breast cancer)(carcinoma),,,,,,high,citation,[244],,p53(g),tp53,vegfa(g),vegfa,ai,264,265
pmc6642263,11.0,il6,p53(p),inhibitor,"transcription,protein",cancer(na)(na),,"direct binding to proximal region, increased by zeb1 deletion",cafs,,,high,"citation, direct","[244,245,246,250]",p53(p),tp53,il6,il6,human,il6(g),p53(g),inhibitor,transcription,cancer(breast cancer)(carcinoma),,,,,,high,citation,[244],,p53(g),tp53,il6(g),il6,ai,265,266
pmc6642263,11.0,tp53 targeting genes,zeb1(g),connected,transcription,cancer(breast cancer)(sarcoma),,,gse9014,human,breast,high,indirect,[247],zeb1(g),zeb1,tp53 targeting genes,tp53(fam),human,p53(g),zeb1(g)(mut),connected,transcription,cancer(breast cancer)(carcinoma),,,,,,high,direct,"[245,248,249,250]",,zeb1(g)(mut),zeb1,p53(g),tp53,ai,267,267
pmc6642263,13.0,p53,zeb1,target,,cancer(mammary cancer)(na),,paracrine control of tumor growth,cafs,mouse,stroma,high,direct,"[281,296]",zeb1,zeb1,p53,tp53,human,p53(g),zeb1(g),activator,transcription,cancer(breast cancer)(carcinoma),,,,,,high,direct,"[275,276,277,278,279,280,281,283,284,285,289,290,291,293,295,296,298,299,300,302,303,304,305,306]",,zeb1(g),zeb1,p53(g),tp53,ai,275,274
pmc6642263,13.0,p53,zeb1,target,,cancer(mammary cancer)(na),,paracrine control of tumor growth,cafs,mouse,stroma,high,direct,"[281,296]",zeb1,zeb1,p53,tp53,human,zeb1(g),p53(g),target,transcription,cancer(breast cancer)(carcinoma),,,,,,high,direct,"[275,276,277,278,279,280,281,283,284,285,289,290,291,293,295,296,298,299,300,302,303,304,305,306]",,p53(g),tp53,zeb1(g),zeb1,ai,275,280
pmc6642263,13.0,fgf2,zeb1(g)(mut),inhibitor,,cancer(mammary cancer)(na),,"reduced expression and secretion, inhibits tumor progression",cafs,mouse,stroma,high,direct,"[293.294,295,302]",zeb1(g)(mut),zeb1,fgf2,fgf2,human,fgf2(g),zeb1(g),activator,transcription,cancer(breast cancer)(carcinoma),,,,,,medium,direct,"[293,295,301,302,303]",,zeb1(g),zeb1,fgf2(g),fgf2,ai,276,275
pmc6642263,13.0,fgf7,zeb1(g)(mut),inhibitor,,cancer(mammary cancer)(na),,"reduced expression and secretion, inhibits tumor progression",cafs,mouse,stroma,high,direct,"[293.294,295]",zeb1(g)(mut),zeb1,fgf7,fgf7,human,fgf7(g),zeb1(g),activator,transcription,cancer(breast cancer)(carcinoma),,,,,,medium,direct,"[293,295]",,zeb1(g),zeb1,fgf7(g),fgf7,ai,277,276
pmc6642263,13.0,vegfa,zeb1(g)(mut),inhibitor,,cancer(mammary cancer)(na),,"reduced expression and secretion, inhibits tumor progression",cafs,mouse,stroma,high,direct,"[293.294,295]",zeb1(g)(mut),zeb1,vegfa,vegfa,human,vegfa(g),zeb1(g),activator,transcription,cancer(breast cancer)(carcinoma),,,,,,medium,direct,"[293,295]",,zeb1(g),zeb1,vegfa(g),vegfa,ai,278,277
pmc6642263,13.0,il6,zeb1(g)(mut),inhibitor,,cancer(mammary cancer)(na),,"reduced expression and secretion, inhibits tumor progression",cafs,mouse,stroma,high,direct,"[293.294,295]",zeb1(g)(mut),zeb1,il6,il6,human,il6(g),zeb1(g),activator,transcription,cancer(breast cancer)(carcinoma),,,,,,medium,direct,"[293,295]",,zeb1(g),zeb1,il6(g),il6,ai,279,278
pmc6642263,13.0,fgf2,p5340-42,target,protein,cancer(mammary cancer)(na),,,cafs,mouse,stroma,high,direct,[296],p5340-42,tp53,fgf2,fgf2,human,fgf2(g),p53(g),target,transcription,cancer(breast cancer)(carcinoma),,,,,,medium,direct,"[301,302,303]",,p53(g),tp53,fgf2(g),fgf2,ai,280,281
pmc6642263,13.0,p53(p),zeb1(p),target,protein,cancer(mammary cancer)(na),,allows hdac1/2 to catalyse p53 deacetylation leading to functional inactivation,cafs,,,high,direct,[298],zeb1(p),zeb1,p53(p),tp53,human,p53(g),zeb1(g),activator,transcription,cancer(breast cancer)(carcinoma),,,,,,high,direct,"[275,276,277,278,279,280,281,283,284,285,289,290,291,293,295,296,298,299,300,302,303,304,305,306]",,zeb1(g),zeb1,p53(g),tp53,ai,287,274
pmc6642263,13.0,p53(p),zeb1(p),target,protein,cancer(mammary cancer)(na),,allows hdac1/2 to catalyse p53 deacetylation leading to functional inactivation,cafs,,,high,direct,[298],zeb1(p),zeb1,p53(p),tp53,human,zeb1(g),p53(g),target,transcription,cancer(breast cancer)(carcinoma),,,,,,high,direct,"[275,276,277,278,279,280,281,283,284,285,289,290,291,293,295,296,298,299,300,302,303,304,305,306]",,p53(g),tp53,zeb1(g),zeb1,ai,287,280
pmc7221297,7.0,gls,asct2,connected,,cancer(oral squamous cells carcinoma)(carcinoma),,localized in tumor periphery,oscc cells,human,,high,dircet,"[72,75,76,84]",asct2,slc1a5,gls,gls,human,ki-67(p),gls(p),connected,protein,cancer(oral squamous cell carcinoma)(carcinoma),,,,,,high,direct,"[71,74,75,77,78,79,80,82,83]",,gls(p),gls,ki-67(p),mki67,ai,328,330
pmc7221297,7.0,ki‐67,asct2,connected,,cancer(oral squamous cells carcinoma)(carcinoma),,localized in tumor periphery,oscc cells,human,,high,dircet,"[72,75,76,84]",asct2,slc1a5,ki‐67,mki67,human,ki-67(p),asct2(p),connected,protein,cancer(oral squamous cell carcinoma)(carcinoma),,,,,,high,direct,"[71,74,75,77,78,79,80,82,83]",,asct2(p),slc1a5,ki-67(p),mki67,ai,329,329
pmc7221297,9.0,gsh,asct2(g)(mut),inhibitor,,cancer(oral squamous cells carcinoma)(carcinoma),,"knockdown, increasing ros levels, apoptosis",,,,high,direct,[124],asct2(g)(mut),slc1a5,gsh,gsh,human,gsh(c),asct2(p),connected,,cancer(oral squamous cell carcinoma)(carcinoma),,,,,,high,direct,"[124,129,130,135,136,137,138,141]",,asct2(p),slc1a5,gsh(c),gsh(path),ai,332,333
pmc7221297,9.0,ros,asct2(g)(mut),inhibitor,,cancer(oral squamous cells carcinoma)(carcinoma),,"knockdown, increasing ros levels, apoptosis",,,,high,direct,"[124,137,138,141]",asct2(g)(mut),slc1a5,ros,ros(fam),human,ros(c),asct2(p),connected,,cancer(oral squamous cell carcinoma)(carcinoma),,,,,,high,direct,"[124,129,137,138,139,140,141]",,asct2(p),slc1a5,ros(c),reactive oxygen species(path),ai,333,334
pmc7221297,9.0,gsh,asct2,connected,,cancer(oral squamous cells carcinoma)(carcinoma),cells transfected with asct2‐specific sirnas,treatment reduces gsh levels,"scc15, um1",,,high,direct,[130],asct2,slc1a5,gsh,gsh,human,gsh(c),asct2(p),connected,,cancer(oral squamous cell carcinoma)(carcinoma),,,,,,high,direct,"[124,129,130,135,136,137,138,141]",,asct2(p),slc1a5,gsh(c),gsh(path),ai,334,333
pmc7221297,10.0,gsh,asct2(g)(mut),inhibitor,,cancer(oral squamous cells carcinoma)(carcinoma),,"knockdown, ros accumulation, apoptosis, in vitro and in vivo",oscc cells,,,high,direct,"[160,178,179,180,181,182]",asct2(g)(mut),slc1a5,gsh,gsh,human,gsh(c),asct2(p),target,,cancer(oral squamous cell carcinoma)(carcinoma),,apoptosis,,,,high,direct,"[160,178,179]",,asct2(p),slc1a5,gsh(c),gsh(path),ai,337,340
pmc7221297,10.0,gls,asct2,connected,,cancer(oral squamous cells carcinoma)(carcinoma),,positive corellation,,,,high,direct,[166],asct2,slc1a5,gls,gls,human,gls(p),asct2(p),connected,,cancer(oral squamous cell carcinoma)(carcinoma),,proliferation,,,,high,direct,"[165,166,168]",,asct2(p),slc1a5,gls(p),gls,ai,338,337
pmc7221297,10.0,ki-67,asct2,connected,,cancer(oral squamous cells carcinoma)(carcinoma),,"ki-67 expression is potential biomarker, expression levels related",,,,high,"direct, citation",[167],asct2,slc1a5,ki-67,mki67,human,ki-67(p),asct2(p),connected,,cancer(oral squamous cell carcinoma)(carcinoma),,proliferation,,,,high,direct,"[167,168]",,asct2(p),slc1a5,ki-67(p),mki67,ai,339,338
pmc7247691,3.0,histone deacetylases(p),mir-29b,target,protein,cancer(multiple myeloma)(myeloma),,tumor suppression,,,,high,citation,"[50,51]",mir-29b,mir29b1,histone deacetylases(p),hdac(fam),human,hdac,mir-29b,target,,cancer,,apoptosis,,,,high,citation,[51],,mir-29b,mir-29b,hdac,hdac(fam),ai,357,359
pmc7247691,3.0,dnmt3b(p),mir-29b,target,protein,cancer(multiple myeloma)(myeloma),,tumor suppression,,,,high,citation,"[50,51]",mir-29b,mir29b1,dnmt3b(p),dnmt3b,human,dnmt3b,mir-29b,target,,cancer,,apoptosis,,,,high,citation,[51],,mir-29b,mir-29b,dnmt3b,dnmt3b,ai,358,360
pmc7247691,3.0,mcl-1,mir-29-b,target,"protein, epigeneic",cancer(multiple myeloma)(myeloma),bortezomib,apoptosis,,,,high,citation,"[52,53]",mir-29-b,mir29b1,mcl-1,mcl1,human,mcl1(p),mir-29b,inhibitor,,cancer,,apoptosis,,,,high,citation,[52],,mir-29b,mir-29b,mcl1(p),mcl1,ai,359,357
pmc7247691,3.0,cdk6,mir-29-b,target,"protein, epigeneic",cancer(multiple myeloma)(myeloma),bortezomib,apoptosis,,,,high,citation,"[52,53]",mir-29-b,mir29b1,cdk6,cdk6,human,cdk6(p),mir-29b,inhibitor,,cancer,,apoptosis,,,,high,citation,[52],,mir-29b,mir-29b,cdk6(p),cdk6,ai,360,358
pmc7247691,4.0,fbxw7(path),mir-27b-3p,activator,,cancer(multiple myeloma)(myeloma),,"proliferation, apoptosis resistance",bm fibroblasts of mm,,,high,citation,"[62,63]",mir-27b-3p,mir27b,fbxw7(path),fbxw7(path),human,fbxw7(p),mir-27b-3p(g),activator,,cancer(multiple myeloma)(myeloma),,"proliferation, apoptosis resistance",,,,medium,citation,[63],,mir-27b-3p(g),mir-27b-3p,fbxw7(p),fbxw7,ai,367,367
pmc7247691,4.0,pten/akt/gsk3 (path),mir-214-3p,activator,,cancer(multiple myeloma)(myeloma),,"proliferation, apoptosis resistance",bm fibroblasts of mm,,,high,citation,"[62,63]",mir-214-3p,mir214,pten/akt/gsk3 (path),pten/akt/gsk3(path),human,pten(p),mir-214-3p(g),activator,,cancer(multiple myeloma)(myeloma),,"proliferation, apoptosis resistance",,,,medium,citation,[63],,mir-214-3p(g),mir-214-3p,pten(p),pten,ai,368,372
pmc7247691,4.0,pten/akt/gsk3 (path),mir-214-3p,activator,,cancer(multiple myeloma)(myeloma),,"proliferation, apoptosis resistance",bm fibroblasts of mm,,,high,citation,"[62,63]",mir-214-3p,mir214,pten/akt/gsk3 (path),pten/akt/gsk3(path),human,akt(p),mir-214-3p(g),activator,,cancer(multiple myeloma)(myeloma),,"proliferation, apoptosis resistance",,,,medium,citation,[63],,mir-214-3p(g),mir-214-3p,akt(p),akt(fam),ai,368,373
pmc7247691,4.0,pten/akt/gsk3 (path),mir-214-3p,activator,,cancer(multiple myeloma)(myeloma),,"proliferation, apoptosis resistance",bm fibroblasts of mm,,,high,citation,"[62,63]",mir-214-3p,mir214,pten/akt/gsk3 (path),pten/akt/gsk3(path),human,gsk3(p),mir-214-3p(g),activator,,cancer(multiple myeloma)(myeloma),,"proliferation, apoptosis resistance",,,,medium,citation,[63],,mir-214-3p(g),mir-214-3p,gsk3(p),gsk3(fam),ai,368,374
pmc7247691,4.0,rank,mir-29b,inhibitor,,cancer(multiple myeloma)(myeloma),,restrains mm bone resorption,osteoclast cells,,bone,high,citation,[65],mir-29b,mir29b1,rank,tnfrsf11a,human,rank(p),mir-29b(g),inhibitor,translation,cancer(multiple myeloma)(myeloma),,"osteoclast differentiation, bone resorption",,,,medium,citation,"[64,65]",,mir-29b(g),mir-29b,rank(p),tnfrsf11a,ai,369,375
pmc7247691,4.0,nfkb,mir-29b,inhibitor,,"cancer(multiple myeloma)(myeloma),mm-related bone disease",,"increased mir-29b expression, pro-inflammatory cytokine release, reduced activation of pro-survival pathways",mm cells,,,high,citation,"[68,69]",mir-29b,mir29b1,nfkb,nfkb(fam),human,nfkb(p),mir-29b(g),inhibitor,,cancer(multiple myeloma)(myeloma),,"inflammation, cytokine release",,,,medium,citation,[68],,mir-29b(g),mir-29b,nfkb(p),nfkb(fam),ai,370,376
pmc7247691,4.0,stat3,mir-29b,inhibitor,,"cancer(multiple myeloma)(myeloma),mm-related bone disease",,"increased mir-29b expression, pro-inflammatory cytokine release, reduced activation of pro-survival pathways",mm cells,,,high,citation,"[68,69]",mir-29b,mir29b1,stat3,stat3,human,stat3(p),mir-29b(g),inhibitor,,cancer(multiple myeloma)(myeloma),,"inflammation, cytokine release",,,,medium,citation,[68],,mir-29b(g),mir-29b,stat3(p),stat3,ai,371,377
pmc7247691,4.0,mitogen-activated protein kinase,mir-29b,inhibitor,,"cancer(multiple myeloma)(myeloma),mm-related bone disease",,"increased mir-29b expression, pro-inflammatory cytokine release, reduced activation of pro-survival pathways",mm cells,,,high,citation,"[68,69]",mir-29b,mir29b1,mitogen-activated protein kinase,mapk(fam),human,mitogen-activated protein kinase(p),mir-29b(g),inhibitor,,cancer(multiple myeloma)(myeloma),,"inflammation, cytokine release",,,,medium,citation,[68],,mir-29b(g),mir-29b,mitogen-activated protein kinase(p),mapk(fam),ai,372,378
pmc7247691,4.0,jun,mir-29b,inhibitor,,"cancer(multiple myeloma)(myeloma),mm-related bone disease",,"increased mir-29b expression, pro-inflammatory cytokine release, reduced activation of pro-survival pathways",mm cells,,,high,citation,"[68,69]",mir-29b,mir29b1,jun,jun,human,jun(p),mir-29b(g),inhibitor,,cancer(multiple myeloma)(myeloma),,"inflammation, cytokine release",,,,medium,citation,[68],,mir-29b(g),mir-29b,jun(p),jun,ai,373,379
pmc7247691,7.0,tgif2,mir-34a,target,,"cancer(bone metastasis)(na), osteoporosis",,,,,,high,citation,[108],mir-34a,mir34a,tgif2,tgif2,human,mir-34a(g),tgif2(g),target,,cancer(multiple myeloma)(myeloma),,osteoporosis,,,,high,direct,[108],,tgif2(g),tgif2,mir-34a(g),mir34a,ai,383,383
pmc7247691,9.0,lin28b,let-7b,target,protein,cancer(multiple myeloma)(myeloma),,"induction of cell proliferation, knock-down of ccnd1 and myc and ras",,,,high,citation,[144],let-7b,let7b,lin28b,lin28b,human,lin28b(p),let-7(g),target,,cancer(multiple myeloma)(myeloma),,tumor suppressor,,,,high,citation,[144],,let-7(g),let7(fam),lin28b(p),lin28b,ai,388,388
pmc7247691,9.0,hif-1α,mir18a,inhibitor,,cancer(na)(na),,repression of tumor dissemination,,,,high,citation,[145],mir18a,mir18a,hif-1α,hif1a,human,hif-1α(p),mir-18a(g),inhibitor,,cancer,,tumor dissemination,,,,high,citation,[145],,mir-18a(g),mir-18a,hif-1α(p),hif1a,ai,389,392
pmc7247691,9.0,egfr,mir-146b,inhibitor,,cancer(glioma)(sarcoma),,"in vitro, smad-4 inhibition",9l glioma cells,,,high,citation,"[148,149]",mir-146b,mir146b,egfr,egfr,human,egfr(p),mir-146b(g),inhibitor,,cancer(glioma)(carcinoma),,,9l,,,high,citation,[149],,mir-146b(g),mir-146b,egfr(p),egfr,ai,391,394
pmc7247691,11.0,p53,mir-34,target,,cancer(na)(na),,modulation of p53 leading to pdl1 downregulation,,,,high,citation,[166],mir-34,mir34(fam),p53,tp53,human,p53(g),mir-34(g),inhibitor,transcription,cancer,,,,,,high,direct,[166],,mir-34(g),mir-34(fam),p53(g),tp53,ai,398,398
pmc7247691,11.0,pdl1,mir-34,inhibitor,,cancer(na)(na),,downregulation through regulation of p35,,,,high,citation,[166],mir-34,mir34(fam),pdl1,cd274,human,pdl1(g),mir-34(g),inhibitor,transcription,cancer,,,,,,high,direct,[166],,mir-34(g),mir-34(fam),pdl1(g),cd274,ai,399,399
pmc7247691,15.0,pten,mir-21,target,,cancer(multiple myeloma)(myeloma),,overexpressed,,,,high,citation,[209],mir-21,mir21,pten,pten,human,pten(g),mir-21(g),inhibitor,transcription,cancer(multiple myeloma)(myeloma),,"proliferation, survival",,,,high,citation,[209],,mir-21(g),mir-21,pten(g),pten,ai,416,416
pmc7247691,15.0,rho-b,mir-21,target,,cancer(multiple myeloma)(myeloma),,overexpressed,,,,high,citation,[209],mir-21,mir21,rho-b,rhob,human,rho-b(g),mir-21(g),inhibitor,transcription,cancer(multiple myeloma)(myeloma),,"proliferation, survival",,,,high,citation,[209],,mir-21(g),mir-21,rho-b(g),rhob,ai,417,417
pmc7247691,15.0,btg2,mir-21,target,,cancer(multiple myeloma)(myeloma),,overexpressed,,,,high,citation,[209],mir-21,mir21,btg2,btg2,human,btg2(g),mir-21(g),inhibitor,transcription,cancer(multiple myeloma)(myeloma),,"proliferation, survival",,,,high,citation,[209],,mir-21(g),mir-21,btg2(g),btg2,ai,418,418
pmc7247691,15.0,akt,mir-21,target,,cancer(multiple myeloma)(myeloma),,overexpressed,,,,high,citation,[209],mir-21,mir21,akt,akt(fam),human,akt(g),mir-21(g),inhibitor,transcription,cancer(multiple myeloma)(myeloma),,"proliferation, survival",,,,high,citation,[209],,mir-21(g),mir-21,akt(g),akt(fam),ai,419,419
pmc7247691,15.0,bcl-2,mir-181a/b,target,,cancer(multiple myeloma)(myeloma),,overexpressed,,,,high,citation,[209],mir-181a/b,mir181(fam),bcl-2,bcl2,human,bcl-2(g),mir-181a/b(g),inhibitor,transcription,cancer(multiple myeloma)(myeloma),,"cell proliferation, apoptosis",,,,high,citation,[209],,mir-181a/b(g),mir-181a/b,bcl-2(g),bcl2,ai,423,420
pmc7247691,15.0,nova1,mir-181a/b,target,,cancer(multiple myeloma)(myeloma),,overexpressed,,,,high,citation,[209],mir-181a/b,mir181(fam),nova1,nova1,human,nova1(g),mir-181a/b(g),inhibitor,transcription,cancer(multiple myeloma)(myeloma),,"cell proliferation, apoptosis",,,,high,citation,[209],,mir-181a/b(g),mir-181a/b,nova1(g),nova1,ai,424,421
pmc7247691,15.0,pcaf,mir-181a/b,target,,cancer(multiple myeloma)(myeloma),,overexpressed,,,,high,citation,[209],mir-181a/b,mir181(fam),pcaf,kat2b,human,pcaf(g),mir-181a/b(g),inhibitor,transcription,cancer(multiple myeloma)(myeloma),,"cell proliferation, apoptosis",,,,high,citation,[209],,mir-181a/b(g),mir-181a/b,pcaf(g),kat2b,ai,425,422
pmc7247691,15.0,bcl-2,mir-15a/16-1 cluster,target,,cancer(multiple myeloma)(myeloma),,downregulated,,,,high,citation,[209],mir-15a/16-1 cluster,mir15a/mir16-1(fam),bcl-2,bcl2,human,bcl-2(g),mir-15a/16-1(g),inhibitor,transcription,cancer(multiple myeloma)(myeloma),,"proliferation, apoptosis, angiogenesis",,,,high,citation,[209],,mir-15a/16-1(g),mir-15a/16-1,bcl-2(g),bcl2,ai,426,423
pmc7247691,15.0,cyclin d1,mir-15a/16-1 cluster,target,,cancer(multiple myeloma)(myeloma),,downregulated,,,,high,citation,[209],mir-15a/16-1 cluster,mir15a/mir16-1(fam),cyclin d1,ccnd1,human,cyclin d1(g),mir-15a/16-1(g),inhibitor,transcription,cancer(multiple myeloma)(myeloma),,"proliferation, apoptosis, angiogenesis",,,,high,citation,[209],,mir-15a/16-1(g),mir-15a/16-1,cyclin d1(g),ccnd1,ai,427,424
pmc7247691,15.0,pi3k,mir-15a/16-1 cluster,target,,cancer(multiple myeloma)(myeloma),,downregulated,,,,high,citation,[209],mir-15a/16-1 cluster,mir15a/mir16-1(fam),pi3k,pik3ca(fam),human,pi3k(g),mir-15a/16-1(g),inhibitor,transcription,cancer(multiple myeloma)(myeloma),,"proliferation, apoptosis, angiogenesis",,,,high,citation,[209],,mir-15a/16-1(g),mir-15a/16-1,pi3k(g),pik3(fam),ai,428,425
pmc7247691,15.0,mapk,mir-15a/16-1 cluster,target,,cancer(multiple myeloma)(myeloma),,downregulated,,,,high,citation,[209],mir-15a/16-1 cluster,mir15a/mir16-1(fam),mapk,mapk(fam),human,mapk(g),mir-15a/16-1(g),inhibitor,transcription,cancer(multiple myeloma)(myeloma),,"proliferation, apoptosis, angiogenesis",,,,high,citation,[209],,mir-15a/16-1(g),mir-15a/16-1,mapk(g),mapk(fam),ai,429,426
pmc7247691,15.0,vegf,mir-15a/16-1 cluster,target,,cancer(multiple myeloma)(myeloma),,downregulated,,,,high,citation,[209],mir-15a/16-1 cluster,mir15a/mir16-1(fam),vegf,vegfa,human,vegf(g),mir-15a/16-1(g),inhibitor,transcription,cancer(multiple myeloma)(myeloma),,"proliferation, apoptosis, angiogenesis",,,,high,citation,[209],,mir-15a/16-1(g),mir-15a/16-1,vegf(g),vegfa,ai,430,427
pmc7247691,15.0,socs-1,mir-17-92 cluster,target,,cancer(multiple myeloma)(myeloma),,overexpressed,,,,high,citation,[209],mir-17-92 cluster,mir17hg,socs-1,socs1,human,socs-1(g),mir-17-92(g),inhibitor,transcription,cancer(multiple myeloma)(myeloma),,"drug resistance, poor prognosis",,,,high,citation,[209],,mir-17-92(g),mir-17~92(fam),socs-1(g),socs1,ai,431,428
pmc7247691,15.0,bim,mir-17-92 cluster,target,,cancer(multiple myeloma)(myeloma),,overexpressed,,,,high,citation,[209],mir-17-92 cluster,mir17hg,bim,bcl2l11,human,bim(g),mir-17-92(g),inhibitor,transcription,cancer(multiple myeloma)(myeloma),,"drug resistance, poor prognosis",,,,high,citation,[209],,mir-17-92(g),mir-17~92(fam),bim(g),bcl2l11,ai,432,429
pmc7247691,15.0,c-myc,mir-34 family,target,,cancer(multiple myeloma)(myeloma),,downregulated,,,,high,citation,[209],mir-34 family,mir34(fam),c-myc,myc,human,c-myc(g),mir-34(g),inhibitor,transcription,cancer(multiple myeloma)(myeloma),,"cell cycle, apoptosis, tumor growth",,,,high,citation,[209],,mir-34(g),mir-34(fam),c-myc(g),myc,ai,433,430
pmc7247691,15.0,cdk6,mir-34 family,target,,cancer(multiple myeloma)(myeloma),,downregulated,,,,high,citation,[209],mir-34 family,mir34(fam),cdk6,cdk6,human,cdk6(g),mir-34(g),inhibitor,transcription,cancer(multiple myeloma)(myeloma),,"cell cycle, apoptosis, tumor growth",,,,high,citation,[209],,mir-34(g),mir-34(fam),cdk6(g),cdk6,ai,434,431
pmc7247691,15.0,c-met,mir-34 family,target,,cancer(multiple myeloma)(myeloma),,downregulated,,,,high,citation,[209],mir-34 family,mir34(fam),c-met,met,human,c-met(g),mir-34(g),inhibitor,transcription,cancer(multiple myeloma)(myeloma),,"cell cycle, apoptosis, tumor growth",,,,high,citation,[209],,mir-34(g),mir-34(fam),c-met(g),met,ai,435,432
pmc7247691,15.0,bcl-2,mir-34 family,target,,cancer(multiple myeloma)(myeloma),,downregulated,,,,high,citation,[209],mir-34 family,mir34(fam),bcl-2,bcl2,human,bcl-2(g),mir-34(g),inhibitor,transcription,cancer(multiple myeloma)(myeloma),,"cell cycle, apoptosis, tumor growth",,,,high,citation,[209],,mir-34(g),mir-34(fam),bcl-2(g),bcl2,ai,436,433
pmc7247691,15.0,notch1,mir-34 family,target,,cancer(multiple myeloma)(myeloma),,downregulated,,,,high,citation,[209],mir-34 family,mir34(fam),notch1,notch1,human,notch1(g),mir-34(g),inhibitor,transcription,cancer(multiple myeloma)(myeloma),,"cell cycle, apoptosis, tumor growth",,,,high,citation,[209],,mir-34(g),mir-34(fam),notch1(g),notch1,ai,437,434
pmc7247691,15.0,hdac,mir-29b,target,,cancer(multiple myeloma)(myeloma),,downregulated,,,,high,citation,[209],mir-29b,mir29b1,hdac,hdac(fam),human,hdac(g),mir-29b(g),inhibitor,transcription,cancer(multiple myeloma)(myeloma),,"cell proliferation, apoptosis, migration",,,,high,citation,[209],,mir-29b(g),mir-29b,hdac(g),hdac(fam),ai,438,435
pmc7247691,15.0,dnmt3b,mir-29b,target,,cancer(multiple myeloma)(myeloma),,downregulated,,,,high,citation,[209],mir-29b,mir29b1,dnmt3b,dnmt3b,human,dnmt3b(g),mir-29b(g),inhibitor,transcription,cancer(multiple myeloma)(myeloma),,"cell proliferation, apoptosis, migration",,,,high,citation,[209],,mir-29b(g),mir-29b,dnmt3b(g),dnmt3b,ai,439,436
pmc7247691,15.0,mcl-1,mir-29b,target,,cancer(multiple myeloma)(myeloma),,downregulated,,,,high,citation,[209],mir-29b,mir29b1,mcl-1,mcl1,human,mcl-1(g),mir-29b(g),inhibitor,transcription,cancer(multiple myeloma)(myeloma),,"cell proliferation, apoptosis, migration",,,,high,citation,[209],,mir-29b(g),mir-29b,mcl-1(g),mcl1,ai,440,437
pmc7247691,15.0,cdk-6,mir-29b,target,,cancer(multiple myeloma)(myeloma),,downregulated,,,,high,citation,[209],mir-29b,mir29b1,cdk-6,cdk6,human,cdk-6(g),mir-29b(g),inhibitor,transcription,cancer(multiple myeloma)(myeloma),,"cell proliferation, apoptosis, migration",,,,high,citation,[209],,mir-29b(g),mir-29b,cdk-6(g),cdk6,ai,441,438
pmc7247691,15.0,akt,mir-29b,target,,cancer(multiple myeloma)(myeloma),,downregulated,,,,high,citation,[209],mir-29b,mir29b1,akt,akt(fam),human,akt(g),mir-29b(g),inhibitor,transcription,cancer(multiple myeloma)(myeloma),,"cell proliferation, apoptosis, migration",,,,high,citation,[209],,mir-29b(g),mir-29b,akt(g),akt(fam),ai,442,439
pmc7247691,15.0,sp1,mir-29b,target,,cancer(multiple myeloma)(myeloma),,downregulated,,,,high,citation,[209],mir-29b,mir29b1,sp1,sp1,human,sp1(g),mir-29b(g),inhibitor,transcription,cancer(multiple myeloma)(myeloma),,"cell proliferation, apoptosis, migration",,,,high,citation,[209],,mir-29b(g),mir-29b,sp1(g),sp1,ai,443,440
pmc7247691,15.0,p53,mir-125a-5p,target,,cancer(multiple myeloma)(myeloma),,overexpressed,,,,high,citation,[209],mir-125a-5p,mir125a,p53,tp53,human,p53(g),mir-125a-5p(g),inhibitor,transcription,cancer(multiple myeloma)(myeloma),,"cell growth, apoptosis, migration",,,,high,citation,[209],,mir-125a-5p(g),mir-125a-5p,p53(g),tp53,ai,444,441
pmc7247691,15.0,p21,mir-125a-5p,target,,cancer(multiple myeloma)(myeloma),,overexpressed,,,,high,citation,[209],mir-125a-5p,mir125a,p21,cdkn1a,human,p21(g),mir-125a-5p(g),inhibitor,transcription,cancer(multiple myeloma)(myeloma),,"cell growth, apoptosis, migration",,,,high,citation,[209],,mir-125a-5p(g),mir-125a-5p,p21(g),cdkn1a,ai,445,442
pmc7247691,15.0,bax,mir-125a-5p,target,,cancer(multiple myeloma)(myeloma),,overexpressed,,,,high,citation,[209],mir-125a-5p,mir125a,bax,bax,human,bax(g),mir-125a-5p(g),inhibitor,transcription,cancer(multiple myeloma)(myeloma),,"cell growth, apoptosis, migration",,,,high,citation,[209],,mir-125a-5p(g),mir-125a-5p,bax(g),bax,ai,446,443
pmc7247691,15.0,mdm2,mir-125a-5p,target,,cancer(multiple myeloma)(myeloma),,overexpressed,,,,high,citation,[209],mir-125a-5p,mir125a,mdm2,mdm2,human,mdm2(g),mir-125a-5p(g),inhibitor,transcription,cancer(multiple myeloma)(myeloma),,"cell growth, apoptosis, migration",,,,high,citation,[209],,mir-125a-5p(g),mir-125a-5p,mdm2(g),mdm2,ai,447,444
pmc7247691,15.0,irf4,mir-125b-5p,target,,cancer(multiple myeloma)(myeloma),,downregulated,,,,high,citation,[209],mir-125b-5p,mir125b,irf4,irf4,human,irf4(g),mir-125b-5p(g),inhibitor,transcription,cancer(multiple myeloma)(myeloma),,"cell growth, apoptosis, autophagy",,,,high,citation,[209],,mir-125b-5p(g),mir-125b-5p,irf4(g),irf4,ai,448,445
