ID.GG,Block_ID.GG,Connected_Gene_Protein.GG_Human,Gene_Protein.GG_Human,Connection_Type.GG_Human,Regulation_Level.GG_Human,Disease.GG_Human,Treatment_Exposure.GG_Human,Associated_Factors.GG_Human,Cellline.GG_Human,Species.GG_Human,Tissue.GG_Human,Confidence.GG_Human,Type_of_Evidence.GG_Human,Sentence.GG_Human,Gene_Protein.GG_unnormalized_Human,Gene_Protein.GG_normalized_Human,Connected_Gene_Protein.GG_unnormalized_Human,Connected_Gene_Protein.GG_normalized_Human,Source_Human,Connected_Gene_Protein.GG_AI,Gene_Protein.GG_AI,Connection_Type.GG_AI,Regulation_Level.GG_AI,Disease.GG_AI,Treatment_Exposure.GG_AI,Associated_Factors.GG_AI,Cellline.GG_AI,Species.GG_AI,Tissue.GG_AI,Confidence.GG_AI,Type_of_Evidence.GG_AI,Sentence.GG_AI,Unnamed:_15.GG_AI,Gene_Protein_unnormalized.GG_AI,Gene_Protein_normalized.GG_AI,Connected_Gene_Protein_unnormalized.GG_AI,Connected_Gene_Protein_normalized.GG_AI,Source_AI,Human_Index,AI_Index
pmc10367263,1.0,myc (p),runx2 (p),activator,transcription,cancer(osteosarcoma)(sarcoma),,,,human,,high,citation,[10],runx2 (p),runx2,myc (p),myc,human,myc,runx2,activator,transcription,cancer(osteosarcoma)(sarcoma),,,,,,high,direct,"[146,167]",,runx2,runx2,myc,myc,ai,3,2
pmc10367263,1.0,myc (p),sox9 (p),activator,,cancer(osteosarcoma)(sarcoma),,,,human,,high,direct,[20],sox9 (p),sox9,myc (p),myc,human,myc,sox9,activator,transcription,cancer(osteosarcoma)(sarcoma),,,,,,high,citation,"[143,146]",,sox9,sox9,myc,myc,ai,6,3
pmc10367263,1.0,myc (p),runx2 (p),activator,transcription,cancer(osteosarcoma)(sarcoma),,,,human,,high,"direct,citation","[20, 10]",runx2 (p),runx2,myc (p),myc,human,myc,runx2,activator,transcription,cancer(osteosarcoma)(sarcoma),,,,,,high,direct,"[146,167]",,runx2,runx2,myc,myc,ai,7,2
pmc10367263,1.0,sox9 (p),runx2 (p),activator,transcription,cancer(osteosarcoma)(sarcoma),,,"saos2, hos-mnng",human,,high,direct,"[35, 38]",runx2 (p),runx2,sox9 (p),sox9,human,sox9,runx2,activator,transcription,cancer(osteosarcoma)(sarcoma),,,,,,high,direct,"[143, 145,146,149,150]",,runx2,runx2,sox9,sox9,ai,15,1
pmc10367263,1.0,jmjd1c (p),sox9 (p),connected,,cancer(osteosarcoma)(sarcoma),,,,human,,medium,hypothetical,[21],sox9 (p),sox9,jmjd1c (p),jmjd1c,human,sox9(p),jmjd1c(p),connected,,cancer(osteosarcoma)(sarcoma),,cell survival,,,,medium,indirect,"[160,161]",,jmjd1c(p),jmjd1c,sox9(p),sox9,ai,16,6
pmc10367263,1.0,jmjd1c (p),sox9 (p),connected,,cancer(osteosarcoma)(sarcoma),,,,human,,medium,hypothetical,[21],sox9 (p),sox9,jmjd1c (p),jmjd1c,human,sox9(p),jmjd1c(p),connected,,cancer(osteosarcoma)(sarcoma),,,,,,high,direct,"[147,149]",,jmjd1c(p),jmjd1c,sox9(p),sox9,ai,16,7
pmc10367263,1.0,sox9 (p),runx2 (p),activator,transcription,cancer(osteosarcoma)(sarcoma),,,"saos2,293-t,hos-mnng",human,,high,direct,"[18,19,35,60,62,63,64]",runx2 (p),runx2,sox9 (p),sox9,human,sox9,runx2,activator,transcription,cancer(osteosarcoma)(sarcoma),,,,,,high,direct,"[143, 145,146,149,150]",,runx2,runx2,sox9,sox9,ai,17,1
pmc10367263,2.0,myc,sox9,activator,,cancer(osteosarcoma)(sarcoma),,,,human,,high,direct,"[90,91]",sox9,sox9,myc,myc,human,myc(g),sox9(g),activator,transcription,cancer(osteosarcoma)(sarcoma),,,,,,high,direct,"[90,91,92,96]",,sox9(g),sox9,myc(g),myc,ai,25,23
pmc10367263,2.0,runx2(p),sox9(p),target,,cancer(osteosarcoma)(sarcoma),,,"saos2,os dunn cells","human,mouse",,high,direct,"[98,106]",sox9(p),sox9,runx2(p),runx2,human,runx2(p),sox9(p),connected,,cancer(osteosarcoma)(sarcoma),,,saos2,,,high,direct,"[106,107,110,111]",,sox9(p),sox9,runx2(p),runx2,ai,26,24
pmc10367263,2.0,jmjd1c(p),sox9(p),target,,cancer(osteosarcoma)(sarcoma),,cancer growth,"saos2,os dunn cells","human,mouse",,high,direct,"[98,106,130]",sox9(p),sox9,jmjd1c(p),jmjd1c,human,jmjd1c(p),sox9(p),connected,,cancer(osteosarcoma)(sarcoma),,,saos2,,,high,direct,"[114,123]",,sox9(p),sox9,jmjd1c(p),jmjd1c,ai,27,25
pmc10367263,2.0,jmjd1c(p),sox9(p),target,,cancer(osteosarcoma)(sarcoma),,cancer growth,"saos2,os dunn cells","human,mouse",,high,direct,"[98,106,130]",sox9(p),sox9,jmjd1c(p),jmjd1c,human,sox9(p),jmjd1c(p),connected,,cancer(osteosarcoma)(sarcoma),,cell survival,,,,medium,indirect,[130],,jmjd1c(p),jmjd1c,sox9(p),sox9,ai,27,26
pmc10367263,2.0,ep300 (g),sox9 (g),connected,,cancer(osteosarcoma)(sarcoma),,,os dunn cells,mouse,,medium,"citation,direct","[102,115,116]",sox9 (g),sox9,ep300 (g),ep300,human,ep300(p),sox9(p),connected,,cancer(osteosarcoma)(sarcoma),,,,,,medium,citation,[118],,sox9(p),sox9,ep300(p),ep300,ai,29,27
pmc10367263,4.0,sox9(p),runx2(p),activator,transcription,cancer(osteosarcoma)(sarcoma),,,,,,high,direct,"[143, 145, 146, 149, 150]",runx2(p),runx2,sox9(p),sox9,human,sox9,runx2,activator,transcription,cancer(osteosarcoma)(sarcoma),,,,,,high,direct,"[143, 145,146,149,150]",,runx2,runx2,sox9,sox9,ai,32,32
pmc10367263,4.0,jmjd1c(p),sox9(p),connected,,cancer(osteosarcoma)(sarcoma),,,,,,high,direct,"[147, 149, 160, 161]",sox9(p),sox9,jmjd1c(p),jmjd1c,human,sox9(p),jmjd1c(p),connected,,cancer(osteosarcoma)(sarcoma),,cell survival,,,,medium,indirect,"[160,161]",,jmjd1c(p),jmjd1c,sox9(p),sox9,ai,33,37
pmc10367263,4.0,jmjd1c(p),sox9(p),connected,,cancer(osteosarcoma)(sarcoma),,,,,,high,direct,"[147, 149, 160, 161]",sox9(p),sox9,jmjd1c(p),jmjd1c,human,sox9(p),jmjd1c(p),connected,,cancer(osteosarcoma)(sarcoma),,,,,,high,direct,"[147,149]",,jmjd1c(p),jmjd1c,sox9(p),sox9,ai,33,38
pmc10367263,4.0,myc(g),sox9(p),activator,transcription,cancer(osteosarcoma)(sarcoma),,,,,,high,direct,"[146, 151, 153]",sox9(p),sox9,myc(g),myc,human,myc,sox9,activator,transcription,cancer(osteosarcoma)(sarcoma),,,,,,high,citation,"[143,146]",,sox9,sox9,myc,myc,ai,34,34
pmc10367263,4.0,myc(g),runx2(p),activator,transcription,cancer(osteosarcoma)(sarcoma),,,,,,high,direct,"[146, 167]",runx2(p),runx2,myc(g),myc,human,myc,runx2,activator,transcription,cancer(osteosarcoma)(sarcoma),,,,,,high,direct,"[146,167]",,runx2,runx2,myc,myc,ai,35,33
pmc10367263,4.0,stat3(p),jmjd1c(p),target,protein,cancer(osteosarcoma)(sarcoma),,,,,,medium,citation,"[155,156]",jmjd1c(p),jmjd1c,stat3(p),stat3,human,stat3,jmjd1c,target,protein,cancer(osteosarcoma)(sarcoma),,,,,,high,citation,"[148,155]",,jmjd1c,jmjd1c,stat3,stat3,ai,36,36
pmc10367263,4.0,menin(p),runx2(p),activator,transcription,cancer(osteosarcoma)(sarcoma),,,,,,high,direct,"[167,168]",runx2(p),runx2,menin(p),men1,human,menin(p),runx2(p),target,,cancer(osteosarcoma)(sarcoma),,,,,,high,direct,"[167,168]",,runx2(p),runx2,menin(p),men1,ai,37,40
pmc10367263,4.0,myc(g),menin(p),activator,transcription,cancer(osteosarcoma)(sarcoma),,,,,,high,direct,"[167,168]",menin(p),men1,myc(g),myc,human,myc,menin,activator,,cancer(osteosarcoma)(sarcoma),,,,,,high,direct,"[143,146,167,168]",,menin,men1,myc,myc,ai,38,39
pmc2588448,2.0,e2f3,rb(g)(mut),inhibitor,transcription,ovarian cancer,,,,mouse,,medium,indirect,[55],rb(g)(mut),rb1,e2f3,e2f3,human,e2f3(g),rb(g)(mut),activator,transcription,cancer(ovarian cancer)(carcinoma),,,,mouse,,high,direct,[55],,rb(g)(mut),rb1,e2f3(g),e2f3,ai,66,66
pmc2588448,9.0,lps (p),tlr4 (p),target,protein,cancer(diffuse large b-cell lymphoma)(lymphoma),,,,mouse,,medium,,[122],tlr4 (p),tlr4,lps (p),lps (path),human,lps,tlr4(p),target,protein,cancer(diffuse large b cell lymphoma)(lymphoma),,poor prognosis,,,,high,direct,"[122,123]",,tlr4(p),tlr4,lps,lps(chemical/path),ai,75,75
pmc2588448,9.0,cpg (p),tlr9 (p),target,protein,cancer(diffuse large b-cell lymphoma)(lymphoma),,,,mouse,,medium,,[122],tlr9 (p),tlr9,cpg (p),cpg(path),human,cpg,tlr9(p),target,protein,cancer(diffuse large b cell lymphoma)(lymphoma),,poor prognosis,,,,high,direct,"[122,123]",,tlr9(p),tlr9,cpg,cpg(chemical),ai,76,76
pmc4941290,1.0,pi3k (p)(fam),pten (g)(mut),inhibitor,protein,healthy,azd5363,,,mouse,prostate,high,in vivo,"[14, 19, 21]",pten (g)(mut),pten,pi3k (p)(fam),pik3(fam),human,pi3k(p),pten(g)(mut),inhibitor,,cancer(prostate cancer)(carcinoma),,,,,,high,direct,"[12,14]",,pten(g)(mut),pten,pi3k(p),pik3(fam),ai,98,98
pmc4941290,1.0,pi3k (p)(fam),pten (g),inhibitor,protein,cancer(prostate)(carcinoma),azd5363,,,mouse,prostate,high,in vivo,"[14, 19, 21]",pten (g),pten,pi3k (p)(fam),pik3(fam),human,pi3k(p),pten(g)(mut),inhibitor,,cancer(prostate cancer)(carcinoma),,,,,,high,direct,"[12,14]",,pten(g)(mut),pten,pi3k(p),pik3(fam),ai,99,98
pmc4941290,1.0,akt (p),pik3ca(g)(mut),activator,protein,cancer(prostate)(carcinoma),,pi3k mutation,,human,prostate,high,citation,"[12, 13, 18]",pik3ca(g)(mut),pik3ca,akt (p),akt(fam),human,akt(p),pik3ca/b(g)(mut),activator,,cancer(prostate cancer)(carcinoma),,,,,,high,direct,[12],,pik3ca/b(g)(mut),pik3c(fam),akt(p),akt(fam),ai,100,99
pmc4941290,1.0,akt (p),pik3cb(g)(mut),activator,protein,cancer(prostate)(carcinoma),,pi3k mutation,,human,prostate,high,citation,"[12, 13, 18]",pik3cb(g)(mut),pik3cb,akt (p),akt(fam),human,akt(p),pik3ca/b(g)(mut),activator,,cancer(prostate cancer)(carcinoma),,,,,,high,direct,[12],,pik3ca/b(g)(mut),pik3c(fam),akt(p),akt(fam),ai,101,99
pmc4941290,1.0,foxo1(p),akt(p),activator,protein,cancer(prostate)(carcinoma),"azd5363,pten-ko",,,mouse,prostate,high,in vivo,[22],akt(p),akt(fam),foxo1(p),foxo1,human,foxo1(p),akt(p),activator,,cancer(prostate cancer)(carcinoma),azd5363,,,,,high,direct,"[22,23,24]",,akt(p),akt(fam),foxo1(p),foxo1,ai,103,100
pmc4941290,1.0,s6(p),akt(p),activator,protein,cancer(prostate)(carcinoma),"azd5363,pten-ko",,,mouse,prostate,high,in vivo,[22],akt(p),akt(fam),s6(p),rps6,human,s6(p),akt(p),activator,,cancer(prostate cancer)(carcinoma),azd5363,,,,,high,direct,"[22,23,24]",,akt(p),akt(fam),s6(p),rps6,ai,106,101
pmc4941290,7.0,pi3k (p),pten (g)(mut),inhibitor,protein,healthy,,,,mouse,prostate,high,direct,"[156,157]",pten (g)(mut),pten,pi3k (p),pik3(fam),human,pi3k(p),pten(g)(mut),activator,protein,cancer(prostate cancer)(carcinoma),,,,mouse,,high,direct,"[153,154,155,156,157]",,pten(g)(mut),pten,pi3k(p),pik3(fam),ai,132,132
pmc4941290,7.0,akt (p),pten (g)(mut),inhibitor,protein,healthy,,,,mouse,prostate,high,direct,"[156,157]",pten (g)(mut),pten,akt (p),akt(fam),human,akt(p),pten(g)(mut),activator,protein,cancer(prostate cancer)(carcinoma),,,,mouse,,high,direct,"[156,157]",,pten(g)(mut),pten,akt(p),akt(fam),ai,133,134
pmc4941290,9.0,mapk(p),pi3k(p),activator,protein,cancer(prostate)(carcinoma),,,,,,high,citation,[194],pi3k(p),pik3(fam),mapk(p),mapk(fam),human,mapk(g),pi3k(g),connected,,,,,,,,high,direct,"[189,192]",,pi3k(g),pik3c(fam),mapk(g),mapk(fam),ai,145,145
pmc4941290,9.0,pi3k(p)(fam),s6k(p),connected,potein,cancer(prostate)(carcinoma),,,,,,high,citation,[194],s6k(p),rps6kb1,pi3k(p)(fam),pik3(fam),human,s6k(g),pi3k(g),connected,,,,,,,,high,citation,[194],,pi3k(g),pik3c(fam),s6k(g),rps6kb(fam),ai,146,149
pmc4941290,9.0,stat3,jak,connected,,cancer(prostate)(carcinoma),,,,,,medium,citation,[195],jak,jak(fam),stat3,stat3,human,jak(g),stat3(g),connected,,,,,,,,high,citation,[195],,stat3(g),stat3,jak(g),jak(fam),ai,147,159
pmc4941290,9.0,jak (fam),pim(fam),connected,,cancer(prostate)(carcinoma),,akt inhibition resistance,,,,medium,citation,[195],pim(fam),pim(fam),jak (fam),jak(fam),human,jak(g),pim kinases(g),connected,,cancer(prostate cancer)(carcinoma),,,,,,high,citation,[195],,pim kinases(g),pim(fam),jak(g),jak(fam),ai,148,163
pmc4941290,9.0,stat3,pim(fam),connected,,cancer(prostate)(carcinoma),,akt inhibition resistance,,,,medium,citation,[195],pim(fam),pim(fam),stat3,stat3,human,stat3(g),pim kinases(g),connected,,cancer(prostate cancer)(carcinoma),,,,,,high,citation,[195],,pim kinases(g),pim(fam),stat3(g),stat3,ai,149,164
pmc4941290,9.0,pi3k(fam),ar,connected,,cancer(prostate)(carcinoma),,"akt inhibition resistance,crpc",,,,medium,citation,[196],ar,ar,pi3k(fam),pik3(fam),human,pi3k(g),ar(g),connected,,cancer(prostate cancer)(carcinoma),,,,,,high,citation,[196],,ar(g),ar,pi3k(g),pik3(fam),ai,150,161
pmc4941290,9.0,akt(fam),ar,connected,,cancer(prostate)(carcinoma),,"akt inhibition resistance,crpc",,,,medium,citation,[196],ar,ar,akt(fam),akt(fam),human,akt(g),ar(g),connected,,cancer(prostate cancer)(carcinoma),,,,,,high,citation,[196],,ar(g),ar,akt(g),akt(fam),ai,151,162
pmc4941290,9.0,akt(p)(fam),stat3(p),inhibitor,protein,cancer(prostate)(carcinoma),azd5363,stat3 phosphorilation,,mouse,,high,correlation,[191],stat3(p),stat3,akt(p)(fam),akt(fam),human,stat3(g),akt(g),connected,,,,,,,,high,direct,[192],,akt(g),akt(fam),stat3(g),stat3,ai,152,152
pmc4941290,9.0,akt(p)(fam),stat3(p),inhibitor,protein,cancer(prostate)(carcinoma),azd5363,stat3 phosphorilation,,mouse,,high,correlation,[191],stat3(p),stat3,akt(p)(fam),akt(fam),human,akt(g),stat3(g),connected,,,,,,,,high,direct,[191],,stat3(g),stat3,akt(g),akt(fam),ai,152,158
pmc4941290,9.0,mapk(fam),pi3k (p)(fam),inhibitor,,cancer(prostate)(carcinoma),azd5363,"treatment resistance,phosphorilation, proliferative tumor cells",,mouse,,medium,direct,"[188,192]",pi3k (p)(fam),pik3(fam),mapk(fam),mapk(fam),human,mapk(g),pi3k(g),connected,,,,,,,,high,direct,"[189,192]",,pi3k(g),pik3c(fam),mapk(g),mapk(fam),ai,153,145
pmc4941290,9.0,jak (fam),pi3k (p)(fam),inhibitor,,cancer(prostate)(carcinoma),azd5364,"treatment resistance,phosphorilation, proliferative tumor cells",,mouse,,medium,direct,"[188,192]",pi3k (p)(fam),pik3(fam),jak (fam),jak(fam),human,jak(g),pi3k(g),connected,,,,,,,,high,direct,"[189,192]",,pi3k(g),pik3c(fam),jak(g),jak(fam),ai,154,146
pmc4941290,9.0,stat3,pi3k (p)(fam),inhibitor,,cancer(prostate)(carcinoma),azd5365,"treatment resistance,phosphorilation, proliferative tumor cells",,mouse,,medium,direct,"[188,192]",pi3k (p)(fam),pik3(fam),stat3,stat3,human,stat3(g),pi3k(g),connected,,,,,,,,high,direct,"[189,192]",,pi3k(g),pik3c(fam),stat3(g),stat3,ai,155,147
pmc4941290,9.0,stat3,akt(p)(fam),inhibitor,,cancer(prostate)(carcinoma),azd5368,"treatment resistance,phosphorilation, proliferative tumor cells",,mouse,,medium,direct,"[188,192]",akt(p)(fam),akt(fam),stat3,stat3,human,stat3(g),akt(g),connected,,,,,,,,high,direct,[192],,akt(g),akt(fam),stat3(g),stat3,ai,158,152
pmc4941290,9.0,stat3,akt(p)(fam),inhibitor,,cancer(prostate)(carcinoma),azd5368,"treatment resistance,phosphorilation, proliferative tumor cells",,mouse,,medium,direct,"[188,192]",akt(p)(fam),akt(fam),stat3,stat3,human,akt(g),stat3(g),connected,,,,,,,,high,direct,[191],,stat3(g),stat3,akt(g),akt(fam),ai,158,158
pmc4941290,12.0,akt (fam),pi3k (fam),connected,,cancer(prostate)(carcinoma),,pten-deficient prostate cancer,,,,high,direct,[211],pi3k (fam),pik3(fam),akt (fam),akt(fam),human,akt(p),pi3k(p),connected,protein,cancer(prostate cancer)(carcinoma),,,,,,high,direct,[211],,pi3k(p),pik3c(fam),akt(p),akt(fam),ai,177,177
pmc6642263,1.0,p53,zeb1(g),inhibitor,,cancer(breast cancer)(carcinoma),,"zeb1-ko,p5-ko",,"human, mouse",breast(stromal fibroblasts),high,"direct,indirect","[8,9,10,11]",zeb1(g),zeb1,p53,tp53,human,p53(p),zeb1(p),inhibitor,transcription,cancer(breast cancer)(carcinoma),,,,,,medium,indirect,"[9,10,11]",,zeb1(p),zeb1,p53(p),tp53,ai,183,184
pmc6642263,1.0,pymt,zeb1(g),connected,,cancer(breast cancer)(carcinoma),,"mmtv-pymt, mmtv-erbb2/neu, mmtv-wnt1, stroma",,mouse,"breast(stromal fibroblasts),metastsis",high,"direct,indirect","[20,21]",zeb1(g),zeb1,pymt,mmtv-pymt,human,pymt(p),zeb1(p),connected,,cancer(breast cancer)(carcinoma),,,,,,medium,indirect,"[20,22,40]",,zeb1(p),zeb1,pymt(p),pymt(fam/tumor),ai,188,192
pmc6642263,1.0,wnt1,zeb1(g),connected,,cancer(breast cancer)(carcinoma),,"mmtv-pymt, mmtv-erbb2/neu, mmtv-wnt1, stroma",,mouse,"breast(stromal fibroblasts),metastsis",high,"direct,indirect","[20,21]",zeb1(g),zeb1,wnt1,wnt1,human,wnt1(p),zeb1(p),connected,,cancer(breast cancer)(carcinoma),,,,,,medium,indirect,"[20,40]",,zeb1(p),zeb1,wnt1(p),wnt1,ai,189,194
pmc6642263,1.0,erbb2,zeb1(g),connected,,cancer(breast cancer)(carcinoma),,"mmtv-pymt, mmtv-erbb2/neu, mmtv-wnt1, stroma",,mouse,"breast(stromal fibroblasts),metastsis",high,"direct,indirect","[20,21]",zeb1(g),zeb1,erbb2,erbb2,human,her2(p),zeb1(p),connected,,cancer(breast cancer)(carcinoma),,,,,,medium,indirect,"[13,14,15,20]",,zeb1(p),zeb1,her2(p),erbb2,ai,190,191
pmc6642263,1.0,erbb2,zeb1(g),connected,,cancer(breast cancer)(carcinoma),,"mmtv-pymt, mmtv-erbb2/neu, mmtv-wnt1, stroma",,mouse,"breast(stromal fibroblasts),metastsis",high,"direct,indirect","[20,21]",zeb1(g),zeb1,erbb2,erbb2,human,erbb2/neu(p),zeb1(p),connected,,cancer(breast cancer)(carcinoma),,,,,,medium,indirect,"[20,40]",,zeb1(p),zeb1,erbb2/neu(p),erbb2,ai,190,193
pmc6642263,3.0,cd31(p),zeb1(g),connected,,cancer(breast cancer)(carcinoma),,"pymt-fib-cko, reduce infiltration",,mouse,"breast(stromal fibroblasts),metastsis",high,direct,"[96,99]",zeb1(g),zeb1,cd31(p),pecam1,human,cd31-positive(p),zeb1(g)(mut),inhibitor,protein,cancer(breast cancer)(carcinoma),,,,,,high,direct,[96],,zeb1(g)(mut),zeb1,cd31-positive(p),pecam1,ai,210,212
pmc6642263,3.0,vegfa(g),zeb1(g),activator,,cancer(breast cancer)(carcinoma),,"pymt-cko,stroma",,mouse,"breast(stromal fibroblasts),metastsis",high,direct,"[97,99]",zeb1(g),zeb1,vegfa(g),vegfa,human,vegfa(p),zeb1(g)(mut),inhibitor,protein,cancer(breast cancer)(carcinoma),,,,,,high,direct,[97],,zeb1(g)(mut),zeb1,vegfa(p),vegfa,ai,211,211
pmc6642263,3.0,cd45(p),zeb1(g),connected,,cancer(breast cancer)(carcinoma),,"pymt-fib-cko, reduce cd45-positive leucocytes, reduce f4/80-positive macrophages, stoma",,mouse,"breast(stromal fibroblasts),metastsis",high,direct,"[98,99]",zeb1(g),zeb1,cd45(p),ptprc,human,cd45-positive(p),zeb1(g)(mut),inhibitor,protein,cancer(breast cancer)(carcinoma),,,,,,high,direct,[98],,zeb1(g)(mut),zeb1,cd45-positive(p),ptprc,ai,212,213
pmc6642263,3.0,f4(p),zeb1(g),connected,,cancer(breast cancer)(carcinoma),,"pymt-fib-cko, reduce cd45-positive leucocytes, reduce f4/80-positive macrophages, stoma",,mouse,"breast(stromal fibroblasts),metastsis",high,direct,"[98,99]",zeb1(g),zeb1,f4(p),f4 (ambiguous),human,f4/80-positive(p),zeb1(g)(mut),inhibitor,protein,cancer(breast cancer)(carcinoma),,,,,,high,direct,[98],,zeb1(g)(mut),zeb1,f4/80-positive(p),oscar (or family related),ai,213,214
pmc6642263,7.0,vegfa(g),zeb1(g),activator,,cancer(breast cancer)(carcinoma),,fib-cko,pymt-cancer cells,mouse,breast(glands),high,direct,"[151,155]",zeb1(g),zeb1,vegfa(g),vegfa,human,vegfa(g),zeb1(g)(mut),inhibitor,transcription,cancer(breast cancer)(carcinoma),,,pymt-cancer,,,high,direct,[155],,zeb1(g)(mut),zeb1,vegfa(g),vegfa,ai,226,228
pmc6642263,7.0,k14(p),zeb1(g),activator,,cancer(breast cancer)(carcinoma),,"fib-cko, stoma",pymt-cancer cells,mouse,"breast(stromal fibroblasts),metastsis",high,direct,"[151,156]",zeb1(g),zeb1,k14(p),krt14,human,k14-positive(p),zeb1(g)(mut),inhibitor,translation,cancer(breast cancer)(carcinoma),,,pymt-cancer,,,high,direct,[156],,zeb1(g)(mut),zeb1,k14-positive(p),krt14,ai,227,229
pmc6642263,9.0,p53(p),zeb1(g),inhibitor,protein,cancer(breast cancer)(carcinoma),,"pymt-fib-cko, zeb1-shrna, stroma, cafs, patient sample,pymt;zeb1fl/fl",,"mouse, human",,high,direct,"[175,176,177,178,179,182]",zeb1(g),zeb1,p53(p),tp53,human,p53(p),zeb1(g),inhibitor,protein(l),cancer(breast cancer)(carcinoma),,,,,,high,direct,"[175,176,177,178,179,181,182,183,184,185,186,187,188,189,190,191,192,193,194,195,196,197,198,199,200,201,202,203,204]",,zeb1(g),zeb1,p53(p),tp53,ai,232,232
pmc6642263,9.0,p53(p),zeb1(g),inhibitor,protein,cancer(breast cancer)(carcinoma),,"pymt-fib-cko, zeb1-shrna, stroma, cafs, patient sample,pymt;zeb1fl/fl",,"mouse, human",,high,direct,"[175,176,177,178,179,182]",zeb1(g),zeb1,p53(p),tp53,human,zeb1(g),p53(p),inhibitor,protein(l),cancer(breast cancer)(carcinoma),,,,,,high,direct,"[175,176,177,178,179,181,182,183,184,185,186,187,188,189,190,191,192,193,194,195,196,197,198,199,200,201,202,203,204]",,p53(p),tp53,zeb1(g),zeb1,ai,232,238
pmc6642263,9.0,p21(p),p53(p),activator,transcription,cancer(breast cancer)(carcinoma),,"pymt-fib-cko, zeb1-shrna, stroma, cafs, patient sample",,"mouse, human",,high,direct,"[175,176,177,178,179]",p53(p),tp53,p21(p),cdkn1a,human,p21(g),p53(p),activator,transcription,cancer(breast cancer)(carcinoma),,,,,,high,direct,"[177,178,179]",,p53(p),tp53,p21(g),cdkn1a,ai,233,239
pmc6642263,9.0,survivin(g),p53(p),inhibitor,transcription,cancer(breast cancer)(carcinoma),,"pymt-fib-cko, zeb1-shrna, stroma, cafs",,mouse,,high,direct,"[176,177,179]",p53(p),tp53,survivin(g),birc5,human,survivin(g),p53(p),inhibitor,transcription,cancer(breast cancer)(carcinoma),,,,,,high,direct,[179],,p53(p),tp53,survivin(g),birc5,ai,234,240
pmc6642263,9.0,zeb2(g),zeb1(g),activator,transcription,cancer(breast cancer)(carcinoma),,"pymt-fib-cko, zeb1-shrna, stroma, cafs",,mouse,,high,drect,"[176,177,180]",zeb1(g),zeb1,zeb2(g),zeb2,human,zeb2(g),zeb1(g),inhibitor,transcription,cancer(breast cancer)(carcinoma),,,,,,high,direct,[180],,zeb1(g),zeb1,zeb2(g),zeb2,ai,235,235
pmc6642263,9.0,sanil1(g),zeb1(g),activator,transcription,cancer(breast cancer)(carcinoma),,"pymt-fib-cko, zeb1-shrna, stroma, cafs",,mouse,,high,direct,"[176,177,180]",zeb1(g),zeb1,sanil1(g),snal1,human,snail1(g),zeb1(g),inhibitor,transcription,cancer(breast cancer)(carcinoma),,,,,,high,direct,[180],,zeb1(g),zeb1,snail1(g),snai1,ai,236,236
pmc6642263,9.0,p300(p),zeb1(g),inhibitor,protein,cancer(breast cancer)(carcinoma),,"pymt-fib-cko, zeb1-shrna, stroma, cafs",,mouse,,high,direct,"[176,177,189]",zeb1(g),zeb1,p300(p),ep300,human,p300/cbp(p),zeb1(g),activator,protein(l),cancer(breast cancer)(carcinoma),,,,,,high,direct,[189],,zeb1(g),zeb1,p300/cbp(p),ep300,ai,237,237
pmc6642263,9.0,cbp(p),zeb1(g),inhibitor,protein,cancer(breast cancer)(carcinoma),,"pymt-fib-cko, zeb1-shrna, stroma, cafs",,mouse,,high,direct,"[176,177,189]",zeb1(g),zeb1,cbp(p),crebbp,human,p300/cbp(p),zeb1(g),activator,protein(l),cancer(breast cancer)(carcinoma),,,,,,high,direct,[189],,zeb1(g),zeb1,p300/cbp(p),ep300,ai,238,237
pmc6642263,9.0,p53(p),p300(p),activator,protein,cancer(breast cancer)(carcinoma),,"pymt-fib-cko, zeb1-shrna, stroma, cafs, acetylation",,mouse,,high,"indirect,citation","[176,177,189]",p300(p),ep300,p53(p),tp53,human,p300/cbp(p),p53(p),activator,protein(l),cancer(breast cancer)(carcinoma),,,,,,high,direct,[189],,p53(p),tp53,p300/cbp(p),ep300,ai,239,243
pmc6642263,9.0,p53(p),p300(p),activator,protein,cancer(breast cancer)(carcinoma),,"pymt-fib-cko, zeb1-shrna, stroma, cafs, acetylation",,mouse,,high,"indirect,citation","[176,177,189]",p300(p),ep300,p53(p),tp53,human,p53(p),p300/cbp(p),activator,protein(l),cancer(breast cancer)(carcinoma),c646,,,,,high,direct,[190],,p300/cbp(p),ep300/crebbp,p53(p),tp53,ai,239,244
pmc6642263,9.0,p53(p),cbp(p),activator,protein,cancer(breast cancer)(carcinoma),,"pymt-fib-cko, zeb1-shrna, stroma, cafs, acetylation",,mouse,,high,"indirect,citation","[176,177,189]",cbp(p),crebbp,p53(p),tp53,human,p300/cbp(p),p53(p),activator,protein(l),cancer(breast cancer)(carcinoma),,,,,,high,direct,[189],,p53(p),tp53,p300/cbp(p),ep300,ai,240,243
pmc6642263,9.0,p53(p),cbp(p),activator,protein,cancer(breast cancer)(carcinoma),,"pymt-fib-cko, zeb1-shrna, stroma, cafs, acetylation",,mouse,,high,"indirect,citation","[176,177,189]",cbp(p),crebbp,p53(p),tp53,human,p53(p),p300/cbp(p),activator,protein(l),cancer(breast cancer)(carcinoma),c646,,,,,high,direct,[190],,p300/cbp(p),ep300/crebbp,p53(p),tp53,ai,240,244
pmc6642263,10.0,p53(p),zeb1(p),target,protein,cancer(breast cancer)(carcinoma),,,,"mouse,human",,high,direct,[208],zeb1(p),zeb1,p53(p),tp53,human,p53(p),zeb1(p),connected,protein,,,,,,,high,direct,"[208,210,212,216,217,219,220,222,224,225,228,231,237]",,zeb1(p),zeb1,p53(p),tp53,ai,246,246
pmc6642263,10.0,p53(p),zeb1(p),target,protein,cancer(breast cancer)(carcinoma),,,,"mouse,human",,high,direct,[208],zeb1(p),zeb1,p53(p),tp53,human,zeb1-p53-hdac1/2(p),zeb1(p),connected,protein,,,,,,,high,direct,"[216,217,219,220,222,237]",,zeb1(p),zeb1,zeb1-p53-hdac1/2(p),zeb1/tp53/hdac1/hdac2,ai,246,249
pmc6642263,10.0,p53(p),hdac1(p),target,protein,cancer(breast cancer)(carcinoma),,"zeb1 presence, deacetylation",293t,"human,mouse",,high,"citation,direct","[213,217,218,219,220,223]",hdac1(p),hdac1,p53(p),tp53,human,hdac1/2(p),p53(p),connected,protein,,,,,,,high,direct,"[213,218,219,220,221,222,223,233,234,235,237]",,p53(p),tp53,hdac1/2(p),hdac1/hdac2(fam),ai,247,248
pmc6642263,10.0,p53(p),hdac2(p),target,protein,cancer(breast cancer)(carcinoma),,"zeb1 presence, deacetylation",293t,"human, mouse",,high,"citation,direct","[213,217,218,219,220,223]",hdac2(p),hdac2,p53(p),tp53,human,hdac1/2(p),p53(p),connected,protein,,,,,,,high,direct,"[213,218,219,220,221,222,223,233,234,235,237]",,p53(p),tp53,hdac1/2(p),hdac1/hdac2(fam),ai,248,248
pmc6642263,10.0,hdac1(p),zeb1(p),target,protein,cancer(breast cancer)(carcinoma),,,293t,"human, mouse",,high,direct,"[217,219,220,223]",zeb1(p),zeb1,hdac1(p),hdac1,human,hdac1/2(p),zeb1(p),connected,protein,,,,,,,high,direct,"[214,215,216,217,219,220,222,226,232,233,237]",,zeb1(p),zeb1,hdac1/2(p),hdac1/hdac2(fam),ai,249,247
pmc6642263,10.0,hdac1(p),zeb1(p),target,protein,cancer(breast cancer)(carcinoma),,,293t,"human, mouse",,high,direct,"[217,219,220,223]",zeb1(p),zeb1,hdac1(p),hdac1,human,zeb1-p53-hdac1/2(p),zeb1(p),connected,protein,,,,,,,high,direct,"[216,217,219,220,222,237]",,zeb1(p),zeb1,zeb1-p53-hdac1/2(p),zeb1/tp53/hdac1/hdac2,ai,249,249
pmc6642263,10.0,hdac2(p),zeb1(p),target,protein,cancer(breast cancer)(carcinoma),,,293t,"human, mouse",,high,direct,"[217,219,220,223]",zeb1(p),zeb1,hdac2(p),hdac2,human,hdac1/2(p),zeb1(p),connected,protein,,,,,,,high,direct,"[214,215,216,217,219,220,222,226,232,233,237]",,zeb1(p),zeb1,hdac1/2(p),hdac1/hdac2(fam),ai,250,247
pmc6642263,10.0,hdac2(p),zeb1(p),target,protein,cancer(breast cancer)(carcinoma),,,293t,"human, mouse",,high,direct,"[217,219,220,223]",zeb1(p),zeb1,hdac2(p),hdac2,human,zeb1-p53-hdac1/2(p),zeb1(p),connected,protein,,,,,,,high,direct,"[216,217,219,220,222,237]",,zeb1(p),zeb1,zeb1-p53-hdac1/2(p),zeb1/tp53/hdac1/hdac2,ai,250,249
pmc6642263,11.0,fgf2(g),zeb1(g),activator,transcription,cancer(breast cancer)(carcinoma),,stroma,,human,,high,"direct,indirect","[243,245,247,250]",zeb1(g),zeb1,fgf2(g),fgf2,human,fgf2(g),zeb1(g)(mut),inhibitor,transcription,cancer(breast cancer)(carcinoma),,,,,,high,direct,"[243,245,246,250]",,zeb1(g)(mut),zeb1,fgf2(g),fgf2,ai,252,253
pmc6642263,11.0,fgf7(g),zeb1(g),activator,transcription,cancer(breast cancer)(carcinoma),,stroma,,human,,high,"direct,indirect","[243,245,247,250]",zeb1(g),zeb1,fgf7(g),fgf7,human,fgf7(g),zeb1(g)(mut),inhibitor,transcription,cancer(breast cancer)(carcinoma),,,,,,high,direct,"[243,245,246,250]",,zeb1(g)(mut),zeb1,fgf7(g),fgf7,ai,253,254
pmc6642263,11.0,vegfa(g),zeb1(g),activator,transcription,cancer(breast cancer)(carcinoma),,stroma,,human,,high,"direct,indirect","[243,245,247,250]",zeb1(g),zeb1,vegfa(g),vegfa,human,vegfa(g),zeb1(g)(mut),inhibitor,transcription,cancer(breast cancer)(carcinoma),,,,,,high,direct,"[243,245,246,250]",,zeb1(g)(mut),zeb1,vegfa(g),vegfa,ai,254,255
pmc6642263,11.0,il6(g),zeb1(g),activator,transcription,cancer(breast cancer)(carcinoma),,stroma,,human,,high,"direct,indirect","[243,245,247,250]",zeb1(g),zeb1,il6(g),il6,human,il6(g),zeb1(g)(mut),inhibitor,transcription,cancer(breast cancer)(carcinoma),,,,,,high,direct,"[243,245,246,250]",,zeb1(g)(mut),zeb1,il6(g),il6,ai,255,256
pmc6642263,11.0,fgf2(g),p53(p),inhibitor,transcription,cancer(breast cancer)(carcinoma),,stroma,,human,breast,high,"citation, indirect","[244,247]",p53(p),tp53,fgf2(g),fgf2,human,fgf2(g),p53(g),inhibitor,transcription,cancer(breast cancer)(carcinoma),,,,,,high,citation,[244],,p53(g),tp53,fgf2(g),fgf2,ai,256,257
pmc6642263,11.0,vegfa(g),p53(p),inhibitor,transcription,cancer(breast cancer)(carcinoma),,stroma,,human,breast,high,"citation, indirect","[244,247]",p53(p),tp53,vegfa(g),vegfa,human,vegfa(g),p53(g),inhibitor,transcription,cancer(breast cancer)(carcinoma),,,,,,high,citation,[244],,p53(g),tp53,vegfa(g),vegfa,ai,257,258
pmc6642263,11.0,il6(g),p53(p),inhibitor,transcription,cancer(breast cancer)(carcinoma),,stroma,,human,breast,high,"citation, indirect","[244,247]",p53(p),tp53,il6(g),il6,human,il6(g),p53(g),inhibitor,transcription,cancer(breast cancer)(carcinoma),,,,,,high,citation,[244],,p53(g),tp53,il6(g),il6,ai,258,259
pmc6642263,13.0,p53(g),zeb1(g),inhibitor,,cancer(breast cancer)(carcinoma),,"stroma, fibroblast,pymt-fib-zeb1-cko,pymt-fib-wt,pymt-fib-zeb1/p53-dcko",pymt-cancer cells,mouse,breast(stromal fibroblast),high,direct,"[275,276,279,281]",zeb1(g),zeb1,p53(g),tp53,human,p53(g),zeb1(g),activator,transcription,cancer(breast cancer)(carcinoma),,,,,,high,direct,"[275,276,277,278,279,280,281,283,284,285,289,290,291,293,295,296,298,299,300,302,303,304,305,306]",,zeb1(g),zeb1,p53(g),tp53,ai,266,266
pmc6642263,13.0,p53(g),zeb1(g),inhibitor,,cancer(breast cancer)(carcinoma),,"stroma, fibroblast,pymt-fib-zeb1-cko,pymt-fib-wt,pymt-fib-zeb1/p53-dcko",pymt-cancer cells,mouse,breast(stromal fibroblast),high,direct,"[275,276,279,281]",zeb1(g),zeb1,p53(g),tp53,human,zeb1(g),p53(g),target,transcription,cancer(breast cancer)(carcinoma),,,,,,high,direct,"[275,276,277,278,279,280,281,283,284,285,289,290,291,293,295,296,298,299,300,302,303,304,305,306]",,p53(g),tp53,zeb1(g),zeb1,ai,266,272
pmc6642263,13.0,p53(g),zeb1(g),connected,,cancer(pancreatic cancer),,metastases,,,pancreas (epithel),medium,citation,"[286,287]",zeb1(g),zeb1,p53(g),tp53,human,p53(g),zeb1(g),activator,transcription,cancer(breast cancer)(carcinoma),,,,,,high,direct,"[275,276,277,278,279,280,281,283,284,285,289,290,291,293,295,296,298,299,300,302,303,304,305,306]",,zeb1(g),zeb1,p53(g),tp53,ai,268,266
pmc6642263,13.0,p53(g),zeb1(g),connected,,cancer(pancreatic cancer),,metastases,,,pancreas (epithel),medium,citation,"[286,287]",zeb1(g),zeb1,p53(g),tp53,human,zeb1(g),p53(g),target,transcription,cancer(breast cancer)(carcinoma),,,,,,high,direct,"[275,276,277,278,279,280,281,283,284,285,289,290,291,293,295,296,298,299,300,302,303,304,305,306]",,p53(g),tp53,zeb1(g),zeb1,ai,268,272
pmc6642263,13.0,fgf2(p),zeb1(g),activator,transcription,cancer(breast cancer)(carcinoma),,"tumour growth, metastases",,,breast(stromal fibroblast),high,"direct, citation","[293,294]",zeb1(g),zeb1,fgf2(p),fgf2,human,fgf2(g),zeb1(g),activator,transcription,cancer(breast cancer)(carcinoma),,,,,,medium,direct,"[293,295,301,302,303]",,zeb1(g),zeb1,fgf2(g),fgf2,ai,269,267
pmc6642263,13.0,fgf7(p),zeb1(g),activator,transcription,cancer(breast cancer)(carcinoma),,"tumour growth, metastases",,,breast(stromal fibroblast),high,"direct, citation","[293,294]",zeb1(g),zeb1,fgf7(p),fgf7,human,fgf7(g),zeb1(g),activator,transcription,cancer(breast cancer)(carcinoma),,,,,,medium,direct,"[293,295]",,zeb1(g),zeb1,fgf7(g),fgf7,ai,270,268
pmc6642263,13.0,vegfa (p),zeb1(g),activator,transcription,cancer(breast cancer)(carcinoma),,"tumour growth, metastases",,,breast(stromal fibroblast),high,"direct, citation","[293,294]",zeb1(g),zeb1,vegfa (p),vegfa,human,vegfa(g),zeb1(g),activator,transcription,cancer(breast cancer)(carcinoma),,,,,,medium,direct,"[293,295]",,zeb1(g),zeb1,vegfa(g),vegfa,ai,271,269
pmc6642263,13.0,il6(p),zeb1(g),activator,transcription,cancer(breast cancer)(carcinoma),,"tumour growth, metastases",,,breast(stromal fibroblast),high,"direct, citation","[293,294]",zeb1(g),zeb1,il6(p),il6,human,il6(g),zeb1(g),activator,transcription,cancer(breast cancer)(carcinoma),,,,,,medium,direct,"[293,295]",,zeb1(g),zeb1,il6(g),il6,ai,272,270
pmc6642263,13.0,fgf2(p),p53(g),target,transcription,cancer(breast cancer)(carcinoma),,"tumour growth, metastases",,,breast(stromal fibroblast),high,"direct, citation","[293,294,296]",p53(g),tp53,fgf2(p),fgf2,human,fgf2(g),p53(g),target,transcription,cancer(breast cancer)(carcinoma),,,,,,medium,direct,"[301,302,303]",,p53(g),tp53,fgf2(g),fgf2,ai,273,273
pmc7221297,10.0,gls(g),asct2(g),connected,,cancer(oral squamous cells)(carcinoma),,"proliferation,glutamin transport, glutamin addiction",,human,,medium,indirect,"[160,163,165,166]",asct2(g),slc1a5,gls(g),gls,human,gls(p),asct2(p),connected,,cancer(oral squamous cell carcinoma)(carcinoma),,proliferation,,,,high,direct,"[165,166,168]",,asct2(p),slc1a5,gls(p),gls,ai,332,332
pmc7221297,10.0,ki67(g),asct2(g),connected,,cancer(oral squamous cells)(carcinoma),,"marker, proliferation,glutamin transport, glutamin addiction",,human,,medium,indirect,"[160,163,167]",asct2(g),slc1a5,ki67(g),mki67,human,ki-67(p),asct2(p),connected,,cancer(oral squamous cell carcinoma)(carcinoma),,proliferation,,,,high,direct,"[167,168]",,asct2(p),slc1a5,ki-67(p),mki67,ai,333,333
pmc7247691,3.0,mcl1(p),mir-29b,inhibitor,,cancer,,apoptosis,,,,high,citation,[52],mir-29b,mir-29b,mcl1(p),mcl1,human,mcl1(p),mir-29b,inhibitor,,cancer,,apoptosis,,,,high,citation,[52],,mir-29b,mir-29b,mcl1(p),mcl1,ai,341,341
pmc7247691,3.0,cdk6(p),mir-29b,inhibitor,,cancer,,apoptosis,,,,high,citation,[52],mir-29b,mir-29b,cdk6(p),cdk6,human,cdk6(p),mir-29b,inhibitor,,cancer,,apoptosis,,,,high,citation,[52],,mir-29b,mir-29b,cdk6(p),cdk6,ai,342,342
pmc7247691,3.0,hdac,mir-29b,target,,cancer,,apoptosis,,,,high,citation,[51],mir-29b,mir-29b,hdac,hdac(fam),human,hdac,mir-29b,target,,cancer,,apoptosis,,,,high,citation,[51],,mir-29b,mir-29b,hdac,hdac(fam),ai,343,343
pmc7247691,3.0,dnmt3b,mir-29b,target,,cancer,,apoptosis,,,,high,citation,[51],mir-29b,mir-29b,dnmt3b,dnmt3b,human,dnmt3b,mir-29b,target,,cancer,,apoptosis,,,,high,citation,[51],,mir-29b,mir-29b,dnmt3b,dnmt3b,ai,344,344
pmc7247691,3.0,sp1(g),mir-29b,inhibitor,,cancer(multiple myeloma)myeloma,bortezomib,apoptosis,,,,high,citation,[53],mir-29b,mir-29b,sp1(g),sp1,human,sp1(g),mir-29b,inhibitor,,cancer(multiple myeloma)myeloma,bortezomib,apoptosis,,,,high,citation,[53],,mir-29b,mir-29b,sp1(g),sp1,ai,345,345
pmc7247691,3.0,p53(g),mir-125a-5p,inhibitor,transcription,cancer(multiple myeloma)myeloma,,"growth, migration, apoptosis resistance",,,,high,citation,[56],mir-125a-5p,mir-125a-5p,p53(g),tp53,human,p53(g),mir-125a-5p,inhibitor,transcription,cancer(multiple myeloma)myeloma,,"growth, migration, apoptosis resistance",,,,high,citation,[56],,mir-125a-5p,mir-125a-5p,p53(g),tp53,ai,346,346
pmc7247691,3.0,p21(g),mir-125a-5p,inhibitor,transcription,cancer(multiple myeloma)myeloma,,"growth, migration, apoptosis resistance",,,,high,citation,[56],mir-125a-5p,mir-125a-5p,p21(g),cdkn1a,human,p21(g),mir-125a-5p,inhibitor,transcription,cancer(multiple myeloma)myeloma,,"growth, migration, apoptosis resistance",,,,high,citation,[56],,mir-125a-5p,mir-125a-5p,p21(g),cdkn1a,ai,347,347
pmc7247691,3.0,bax(g),mir-125a-5p,inhibitor,transcription,cancer(multiple myeloma)myeloma,,"growth, migration, apoptosis resistance",,,,high,citation,[56],mir-125a-5p,mir-125a-5p,bax(g),bax,human,bax(g),mir-125a-5p,inhibitor,transcription,cancer(multiple myeloma)myeloma,,"growth, migration, apoptosis resistance",,,,high,citation,[56],,mir-125a-5p,mir-125a-5p,bax(g),bax,ai,348,348
pmc7247691,3.0,mdm2(g),mir-125a-5p,inhibitor,transcription,cancer(multiple myeloma)myeloma,,"growth, migration, apoptosis resistance",,,,high,citation,[56],mir-125a-5p,mir-125a-5p,mdm2(g),mdm2,human,mdm2(g),mir-125a-5p,inhibitor,transcription,cancer(multiple myeloma)myeloma,,"growth, migration, apoptosis resistance",,,,high,citation,[56],,mir-125a-5p,mir-125a-5p,mdm2(g),mdm2,ai,349,349
pmc7247691,4.0,fbxw7,mir-27b-3p,activator,,cancer(multiple myeloma)(myeloma),,"overexpression, growth, migration, apoptosis resistance",,,,high,citation,[63],mir-27b-3p,mir-27b-3p,fbxw7,fbxw7,human,fbxw7(p),mir-27b-3p(g),activator,,cancer(multiple myeloma)(myeloma),,"proliferation, apoptosis resistance",,,,medium,citation,[63],,mir-27b-3p(g),mir-27b-3p,fbxw7(p),fbxw7,ai,351,351
pmc7247691,4.0,pten,mir-27b-3p,activator,,cancer(multiple myeloma)(myeloma),,"overexpression, growth, migration, apoptosis resistance",,,,high,citation,[63],mir-27b-3p,mir-27b-3p,pten,pten,human,pten(p),mir-27b-3p(g),activator,,cancer(multiple myeloma)(myeloma),,"proliferation, apoptosis resistance",,,,medium,citation,[63],,mir-27b-3p(g),mir-27b-3p,pten(p),pten,ai,352,352
pmc7247691,4.0,akt,mir-27b-3p,activator,,cancer(multiple myeloma)(myeloma),,"overexpression, growth, migration, apoptosis resistance",,,,high,citation,[63],mir-27b-3p,mir-27b-3p,akt,akt(fam),human,akt(p),mir-27b-3p(g),activator,,cancer(multiple myeloma)(myeloma),,"proliferation, apoptosis resistance",,,,medium,citation,[63],,mir-27b-3p(g),mir-27b-3p,akt(p),akt(fam),ai,353,353
pmc7247691,4.0,gsk3,mir-27b-3p,activator,,cancer(multiple myeloma)(myeloma),,"overexpression, growth, migration, apoptosis resistance",,,,high,citation,[63],mir-27b-3p,mir-27b-3p,gsk3,gsk3(fam),human,gsk3(p),mir-27b-3p(g),activator,,cancer(multiple myeloma)(myeloma),,"proliferation, apoptosis resistance",,,,medium,citation,[63],,mir-27b-3p(g),mir-27b-3p,gsk3(p),gsk3(fam),ai,354,354
pmc7247691,4.0,fbxw7,mir-214-3p,activator,,cancer(multiple myeloma)(myeloma),,"overexpression, growth, migration, apoptosis resistance",,,,high,citation,[63],mir-214-3p,mir-214-3p,fbxw7,fbxw7,human,fbxw7(p),mir-214-3p(g),activator,,cancer(multiple myeloma)(myeloma),,"proliferation, apoptosis resistance",,,,medium,citation,[63],,mir-214-3p(g),mir-214-3p,fbxw7(p),fbxw7,ai,355,355
pmc7247691,4.0,pten,mir-214-3p,activator,,cancer(multiple myeloma)(myeloma),,"overexpression, growth, migration, apoptosis resistance",,,,high,citation,[63],mir-214-3p,mir-214-3p,pten,pten,human,pten(p),mir-214-3p(g),activator,,cancer(multiple myeloma)(myeloma),,"proliferation, apoptosis resistance",,,,medium,citation,[63],,mir-214-3p(g),mir-214-3p,pten(p),pten,ai,356,356
pmc7247691,4.0,akt,mir-214-3p,activator,,cancer(multiple myeloma)(myeloma),,"overexpression, growth, migration, apoptosis resistance",,,,high,citation,[63],mir-214-3p,mir-214-3p,akt,akt(fam),human,akt(p),mir-214-3p(g),activator,,cancer(multiple myeloma)(myeloma),,"proliferation, apoptosis resistance",,,,medium,citation,[63],,mir-214-3p(g),mir-214-3p,akt(p),akt(fam),ai,357,357
pmc7247691,4.0,gsk3,mir-214-3p,activator,,cancer(multiple myeloma)(myeloma),,"overexpression, growth, migration, apoptosis resistance",,,,high,citation,[63],mir-214-3p,mir-214-3p,gsk3,gsk3(fam),human,gsk3(p),mir-214-3p(g),activator,,cancer(multiple myeloma)(myeloma),,"proliferation, apoptosis resistance",,,,medium,citation,[63],,mir-214-3p(g),mir-214-3p,gsk3(p),gsk3(fam),ai,358,358
pmc7247691,4.0,rank,mir-29b,inhibitor,,cancer(multiple myeloma)(myeloma),,"supression, progression, immune supression, antinflamatory",,,,high,citation,"[64,65,66,68]",mir-29b,mir-29b,rank,tnfrsf11a,human,rank(p),mir-29b(g),inhibitor,translation,cancer(multiple myeloma)(myeloma),,"osteoclast differentiation, bone resorption",,,,medium,citation,"[64,65]",,mir-29b(g),mir-29b,rank(p),tnfrsf11a,ai,359,359
pmc7247691,4.0,nfkb,mir-29b,inhibitor,,cancer(multiple myeloma)(myeloma),,"supression, progression, immune supression, antinflamatory",,,,high,citation,"[64,65,66,68]",mir-29b,mir-29b,nfkb,nfkb(fam),human,nfkb(p),mir-29b(g),inhibitor,,cancer(multiple myeloma)(myeloma),,"inflammation, cytokine release",,,,medium,citation,[68],,mir-29b(g),mir-29b,nfkb(p),nfkb(fam),ai,360,360
pmc7247691,4.0,stat3,mir-29b,inhibitor,,cancer(multiple myeloma)(myeloma),,"supression, progression, immune supression, antinflamatory",,,,high,citation,"[64,65,66,68]",mir-29b,mir-29b,stat3,stat3,human,stat3(p),mir-29b(g),inhibitor,,cancer(multiple myeloma)(myeloma),,"inflammation, cytokine release",,,,medium,citation,[68],,mir-29b(g),mir-29b,stat3(p),stat3,ai,361,361
pmc7247691,4.0,mapk,mir-29b,inhibitor,,cancer(multiple myeloma)(myeloma),,"supression, progression, immune supression, antinflamatory",,,,high,citation,"[64,65,66,68]",mir-29b,mir-29b,mapk,mapk(fam),human,mitogen-activated protein kinase(p),mir-29b(g),inhibitor,,cancer(multiple myeloma)(myeloma),,"inflammation, cytokine release",,,,medium,citation,[68],,mir-29b(g),mir-29b,mitogen-activated protein kinase(p),mapk(fam),ai,362,362
pmc7247691,4.0,jun,mir-29b,inhibitor,,cancer(multiple myeloma)(myeloma),,"supression, progression, immune supression, antinflamatory",,,,high,citation,"[64,65,66,68]",mir-29b,mir-29b,jun,jun,human,jun(p),mir-29b(g),inhibitor,,cancer(multiple myeloma)(myeloma),,"inflammation, cytokine release",,,,medium,citation,[68],,mir-29b(g),mir-29b,jun(p),jun,ai,363,363
pmc7247691,7.0,mir-34a,tgif2,target,,cancer(multiple myeloma)(myeloma),,"bone resorption, osteoporosis, bone metastases",,,,high,citation,"[107,108,109]",tgif2,tgif2,mir-34a,mir34a,human,mir-34a(g),tgif2(g),target,,cancer(multiple myeloma)(myeloma),,osteoporosis,,,,high,direct,[108],,tgif2(g),tgif2,mir-34a(g),mir34a,ai,367,367
pmc7247691,7.0,erk2,mir-34a,inhibitor,,cancer(multiple myeloma)(myeloma),mir-34a mimic,,,,,high,citation,[110],mir-34a,mir-34a,erk2,mapk1,human,erk-2(p),mir-34a(g),inhibitor,protein,cancer(multiple myeloma)(myeloma),snalps,apoptosis,,,,high,direct,[110],,mir-34a(g),mir-34a,erk-2(p),mapk1,ai,368,368
pmc7247691,7.0,akt,mir-34a,inhibitor,,cancer(multiple myeloma)(myeloma),mir-34a mimic,,,,,high,citation,[110],mir-34a,mir-34a,akt,akt(fam),human,akt(p),mir-34a(g),inhibitor,protein,cancer(multiple myeloma)(myeloma),snalps,apoptosis,,,,high,direct,[110],,mir-34a(g),mir-34a,akt(p),akt(fam),ai,369,369
pmc7247691,9.0,lin28b(p),let-7(fam),inhibitor,protein,cancer(multiple myeloma)(myeloma),,tumor-supressor,,,,high,citation,"[144,143]",let-7(fam),let-7(fam),lin28b(p),lin28b,human,lin28b(p),let-7(g),target,,cancer(multiple myeloma)(myeloma),,tumor suppressor,,,,high,citation,[144],,let-7(g),let7(fam),lin28b(p),lin28b,ai,375,375
pmc7247691,9.0,ccnd1(g),let-7(fam),inhibitor,,cancer(multiple myeloma)(myeloma),,prolifeation,,,,high,citation,"[144,143]",let-7(fam),let-7(fam),ccnd1(g),ccnd1,human,ccnd1(g),let-7(g),inhibitor,transcription,cancer(multiple myeloma)(myeloma),,tumor suppressor,,,,high,citation,[144],,let-7(g),let7(fam),ccnd1(g),ccnd1,ai,376,376
pmc7247691,9.0,myc(g),let-7(fam),inhibitor,,cancer(multiple myeloma)(myeloma),,prolifeation,,,,high,citation,"[144,143]",let-7(fam),let-7(fam),myc(g),myc,human,myc(g),let-7(g),inhibitor,transcription,cancer(multiple myeloma)(myeloma),,tumor suppressor,,,,high,citation,[144],,let-7(g),let7(fam),myc(g),myc,ai,377,377
pmc7247691,9.0,ras(g),let-7(fam),inhibitor,,cancer(multiple myeloma)(myeloma),,prolifeation,,,,high,citation,"[144,143]",let-7(fam),let-7(fam),ras(g),ras(fam),human,ras(g),let-7(g),inhibitor,transcription,cancer(multiple myeloma)(myeloma),,tumor suppressor,,,,high,citation,[144],,let-7(g),let7(fam),ras(g),ras(fam),ai,378,378
pmc7247691,9.0,hif-1α,mir-18a,inhibitor,,cancer(multiple myeloma)(myeloma),,"inhibition proliferation,inhibition dissemination",,,,high,citation,"[143,145]",mir-18a,mir-18a,hif-1α,hif1a,human,hif-1α(p),mir-18a(g),inhibitor,,cancer,,tumor dissemination,,,,high,citation,[145],,mir-18a(g),mir-18a,hif-1α(p),hif1a,ai,379,379
pmc7247691,9.0,irf2,mir-18a,activator,,cancer(multiple myeloma)(myeloma),,inhibition metastasis,,,,high,citation,"[143,145,146]",mir-18a,mir-18a,irf2,irf2,human,irf2(p),mir-18a(g),activator,transcription,cancer,,macrophage activation,,,,high,citation,[145],,mir-18a(g),mir-18a,irf2(p),irf2,ai,380,380
pmc7247691,9.0,egfr,mir-146b,inhibitor,,cancer(na)(glioma),,,9l glioma cells,,,high,citation,[149],mir-146b,mir-146b,egfr,egfr,human,egfr(p),mir-146b(g),inhibitor,,cancer(glioma)(carcinoma),,,9l,,,high,citation,[149],,mir-146b(g),mir-146b,egfr(p),egfr,ai,381,381
pmc7247691,9.0,nf-κb(p),mir-146b,inhibitor,,cancer(na)(glioma),,,9l glioma cells,,,high,citation,[149],mir-146b,mir-146b,nf-κb(p),nfkb(fam),human,nf-κb(p),mir-146b(g),inhibitor,,cancer(glioma)(carcinoma),,,9l,,,high,citation,[149],,mir-146b(g),mir-146b,nf-κb(p),nfkb(fam),ai,382,382
pmc7247691,9.0,smad4,mir-146b,inhibitor,,cancer(na)(glioma),,,9l glioma cells,,,high,citation,[149],mir-146b,mir-146b,smad4,smad4,human,smad-4(p),mir-146b(g),inhibitor,,cancer(glioma)(carcinoma),,poor outcome,9l,,,high,citation,[149],,mir-146b(g),mir-146b,smad-4(p),smad4,ai,383,383
pmc7247691,11.0,p53,mir-34,inhibitor,,cancer(none small lung cancer)(carcinoma),,"mrx34,radiotherapy",patients,human,lung,high,citation,[167],mir-34,mir-34(fam),p53,tp53,human,p53(g),mir-34(g),inhibitor,transcription,cancer,,,,,,high,direct,[166],,mir-34(g),mir-34(fam),p53(g),tp53,ai,385,385
pmc7247691,11.0,pdl1,mir-34,activator,,cancer(none small lung cancer)(carcinoma),,"mrx34,radiotherapy",patients,human,lung,high,citation,[167],mir-34,mir-34(fam),pdl1,cd274,human,pdl1(g),mir-34(g),inhibitor,transcription,cancer,,,,,,high,direct,[166],,mir-34(g),mir-34(fam),pdl1(g),cd274,ai,386,386
pmc7247691,13.0,puma,mir-221,inhibitor,,cancer(multiple myeloma)(myeloma),lna-i-mir-221,restored drug sensetivity,mm1r mm cells,mouse,na,high,citation,"[184,185]",mir-221,mir-221,puma,bbc3,human,puma(p),mir-221/222(g),inhibitor,,cancer(multiple myeloma)(myeloma),dexamethasone,apoptosis,mm1r,mouse,,high,direct,[184],,mir-221/222(g),mir-221/222,puma(p),bbc3,ai,394,395
pmc7247691,13.0,puma,mir-222,inhibitor,,cancer(multiple myeloma)(myeloma),lna-i-mir-222,restored drug sensetivity,mm1r mm cells,mouse,na,high,citation,"[184,185]",mir-222,mir-222,puma,bbc3,human,puma(p),mir-221/222(g),inhibitor,,cancer(multiple myeloma)(myeloma),dexamethasone,apoptosis,mm1r,mouse,,high,direct,[184],,mir-221/222(g),mir-221/222,puma(p),bbc3,ai,395,395
pmc7247691,15.0,pten,mir-21,target,,cancer(multiple myeloma)(myeloma),,"proliferation, survival, overexpression",,,,high,citation,[209],mir-21,mir-21,pten,pten,human,pten(g),mir-21(g),inhibitor,transcription,cancer(multiple myeloma)(myeloma),,"proliferation, survival",,,,high,citation,[209],,mir-21(g),mir-21,pten(g),pten,ai,403,403
pmc7247691,15.0,rho-b,mir-21,target,,cancer(multiple myeloma)(myeloma),,"proliferation, survival, overexpression",,,,high,citation,[209],mir-21,mir-21,rho-b,rhob,human,rho-b(g),mir-21(g),inhibitor,transcription,cancer(multiple myeloma)(myeloma),,"proliferation, survival",,,,high,citation,[209],,mir-21(g),mir-21,rho-b(g),rhob,ai,404,404
pmc7247691,15.0,btg2,mir-21,target,,cancer(multiple myeloma)(myeloma),,"proliferation, survival, overexpression",,,,high,citation,[209],mir-21,mir-21,btg2,btg2,human,btg2(g),mir-21(g),inhibitor,transcription,cancer(multiple myeloma)(myeloma),,"proliferation, survival",,,,high,citation,[209],,mir-21(g),mir-21,btg2(g),btg2,ai,405,405
pmc7247691,15.0,akt,mir-21,target,,cancer(multiple myeloma)(myeloma),,"proliferation, survival, overexpression",,,,high,citation,[209],mir-21,mir-21,akt,akt(fam),human,akt(g),mir-21(g),inhibitor,transcription,cancer(multiple myeloma)(myeloma),,"proliferation, survival",,,,high,citation,[209],,mir-21(g),mir-21,akt(g),akt(fam),ai,406,406
pmc7247691,15.0,bcl-2,mir-181a/b,target,,cancer(multiple myeloma)(myeloma),,"cell proliferation, apoptosis,overexpressed",,,,high,citation,[209],mir-181a/b,mir-181a/b,bcl-2,bcl2,human,bcl-2(g),mir-181a/b(g),inhibitor,transcription,cancer(multiple myeloma)(myeloma),,"cell proliferation, apoptosis",,,,high,citation,[209],,mir-181a/b(g),mir-181a/b,bcl-2(g),bcl2,ai,410,407
pmc7247691,15.0,nova1,mir-181a/b,target,,cancer(multiple myeloma)(myeloma),,"cell proliferation, apoptosis,overexpressed",,,,high,citation,[209],mir-181a/b,mir-181a/b,nova1,nov1,human,nova1(g),mir-181a/b(g),inhibitor,transcription,cancer(multiple myeloma)(myeloma),,"cell proliferation, apoptosis",,,,high,citation,[209],,mir-181a/b(g),mir-181a/b,nova1(g),nova1,ai,411,408
pmc7247691,15.0,pcaf,mir-181a/b,target,,cancer(multiple myeloma)(myeloma),,"cell proliferation, apoptosis,overexpressed",,,,high,citation,[209],mir-181a/b,mir-181a/b,pcaf,kat2b,human,pcaf(g),mir-181a/b(g),inhibitor,transcription,cancer(multiple myeloma)(myeloma),,"cell proliferation, apoptosis",,,,high,citation,[209],,mir-181a/b(g),mir-181a/b,pcaf(g),kat2b,ai,412,409
pmc7247691,15.0,bcl-2,mir-15a/16-1(clu),target,,cancer(multiple myeloma)(myeloma),,"proliferation, apoptosis, angiogenesis, downregulated",,,,high,citation,[209],mir-15a/16-1(clu),mir-15a/16-1(clu),bcl-2,bcl2,human,bcl-2(g),mir-15a/16-1(g),inhibitor,transcription,cancer(multiple myeloma)(myeloma),,"proliferation, apoptosis, angiogenesis",,,,high,citation,[209],,mir-15a/16-1(g),mir-15a/16-1,bcl-2(g),bcl2,ai,413,410
pmc7247691,15.0,cyclin d1,mir-15a/16-1(clu),target,,cancer(multiple myeloma)(myeloma),,"proliferation, apoptosis, angiogenesis, downregulated",,,,high,citation,[209],mir-15a/16-1(clu),mir-15a/16-1(clu),cyclin d1,ccnd1,human,cyclin d1(g),mir-15a/16-1(g),inhibitor,transcription,cancer(multiple myeloma)(myeloma),,"proliferation, apoptosis, angiogenesis",,,,high,citation,[209],,mir-15a/16-1(g),mir-15a/16-1,cyclin d1(g),ccnd1,ai,414,411
pmc7247691,15.0,pi3k,mir-15a/16-1(clu),target,,cancer(multiple myeloma)(myeloma),,"proliferation, apoptosis, angiogenesis, downregulated",,,,high,citation,[209],mir-15a/16-1(clu),mir-15a/16-1(clu),pi3k,pik3(fam),human,pi3k(g),mir-15a/16-1(g),inhibitor,transcription,cancer(multiple myeloma)(myeloma),,"proliferation, apoptosis, angiogenesis",,,,high,citation,[209],,mir-15a/16-1(g),mir-15a/16-1,pi3k(g),pik3(fam),ai,415,412
pmc7247691,15.0,mapk,mir-15a/16-1(clu),target,,cancer(multiple myeloma)(myeloma),,"proliferation, apoptosis, angiogenesis, downregulated",,,,high,citation,[209],mir-15a/16-1(clu),mir-15a/16-1(clu),mapk,mapk(fam),human,mapk(g),mir-15a/16-1(g),inhibitor,transcription,cancer(multiple myeloma)(myeloma),,"proliferation, apoptosis, angiogenesis",,,,high,citation,[209],,mir-15a/16-1(g),mir-15a/16-1,mapk(g),mapk(fam),ai,416,413
pmc7247691,15.0,vegf,mir-15a/16-1(clu),target,,cancer(multiple myeloma)(myeloma),,"proliferation, apoptosis, angiogenesis, downregulated",,,,high,citation,[209],mir-15a/16-1(clu),mir-15a/16-1(clu),vegf,vegfa,human,vegf(g),mir-15a/16-1(g),inhibitor,transcription,cancer(multiple myeloma)(myeloma),,"proliferation, apoptosis, angiogenesis",,,,high,citation,[209],,mir-15a/16-1(g),mir-15a/16-1,vegf(g),vegfa,ai,417,414
pmc7247691,15.0,socs-1,mir-17-92(clu),target,,cancer(multiple myeloma)(myeloma),,"drug resistance, poor prognosis, overexpressed",,,,high,citation,[209],mir-17-92(clu),mir-17-92(clu),socs-1,socs1,human,socs-1(g),mir-17-92(g),inhibitor,transcription,cancer(multiple myeloma)(myeloma),,"drug resistance, poor prognosis",,,,high,citation,[209],,mir-17-92(g),mir-17~92(fam),socs-1(g),socs1,ai,418,415
pmc7247691,15.0,bim,mir-17-92(clu),target,,cancer(multiple myeloma)(myeloma),,"drug resistance, poor prognosis, overexpressed",,,,high,citation,[209],mir-17-92(clu),mir-17-92(clu),bim,bcl2l11,human,bim(g),mir-17-92(g),inhibitor,transcription,cancer(multiple myeloma)(myeloma),,"drug resistance, poor prognosis",,,,high,citation,[209],,mir-17-92(g),mir-17~92(fam),bim(g),bcl2l11,ai,419,416
pmc7247691,15.0,c-myc,mir-34(fam),target,,cancer(multiple myeloma)(myeloma),,"cell cycle, apoptosis, tumor growth, downregulated",,,,high,citation,[209],mir-34(fam),mir-34(fam),c-myc,myc,human,c-myc(g),mir-34(g),inhibitor,transcription,cancer(multiple myeloma)(myeloma),,"cell cycle, apoptosis, tumor growth",,,,high,citation,[209],,mir-34(g),mir-34(fam),c-myc(g),myc,ai,420,417
pmc7247691,15.0,cdk6,mir-34(fam),target,,cancer(multiple myeloma)(myeloma),,"cell cycle, apoptosis, tumor growth, downregulated",,,,high,citation,[209],mir-34(fam),mir-34(fam),cdk6,cdk6,human,cdk6(g),mir-34(g),inhibitor,transcription,cancer(multiple myeloma)(myeloma),,"cell cycle, apoptosis, tumor growth",,,,high,citation,[209],,mir-34(g),mir-34(fam),cdk6(g),cdk6,ai,421,418
pmc7247691,15.0,c-met,mir-34(fam),target,,cancer(multiple myeloma)(myeloma),,"cell cycle, apoptosis, tumor growth, downregulated",,,,high,citation,[209],mir-34(fam),mir-34(fam),c-met,met,human,c-met(g),mir-34(g),inhibitor,transcription,cancer(multiple myeloma)(myeloma),,"cell cycle, apoptosis, tumor growth",,,,high,citation,[209],,mir-34(g),mir-34(fam),c-met(g),met,ai,422,419
pmc7247691,15.0,bcl-2,mir-34(fam),target,,cancer(multiple myeloma)(myeloma),,"cell cycle, apoptosis, tumor growth, downregulated",,,,high,citation,[209],mir-34(fam),mir-34(fam),bcl-2,bcl2,human,bcl-2(g),mir-34(g),inhibitor,transcription,cancer(multiple myeloma)(myeloma),,"cell cycle, apoptosis, tumor growth",,,,high,citation,[209],,mir-34(g),mir-34(fam),bcl-2(g),bcl2,ai,423,420
pmc7247691,15.0,notch1,mir-34(fam),target,,cancer(multiple myeloma)(myeloma),,"cell cycle, apoptosis, tumor growth, downregulated",,,,high,citation,[209],mir-34(fam),mir-34(fam),notch1,notch1,human,notch1(g),mir-34(g),inhibitor,transcription,cancer(multiple myeloma)(myeloma),,"cell cycle, apoptosis, tumor growth",,,,high,citation,[209],,mir-34(g),mir-34(fam),notch1(g),notch1,ai,424,421
pmc7247691,15.0,hdac,mir-29b,target,,cancer(multiple myeloma)(myeloma),,"cell proliferation, apoptosis, migration, downregulated",,,,high,citation,[209],mir-29b,mir-29b,hdac,hdac(fam),human,hdac(g),mir-29b(g),inhibitor,transcription,cancer(multiple myeloma)(myeloma),,"cell proliferation, apoptosis, migration",,,,high,citation,[209],,mir-29b(g),mir-29b,hdac(g),hdac(fam),ai,425,422
pmc7247691,15.0,dnmt3b,mir-29b,target,,cancer(multiple myeloma)(myeloma),,"cell proliferation, apoptosis, migration, downregulated",,,,high,citation,[209],mir-29b,mir-29b,dnmt3b,dnmt3b,human,dnmt3b(g),mir-29b(g),inhibitor,transcription,cancer(multiple myeloma)(myeloma),,"cell proliferation, apoptosis, migration",,,,high,citation,[209],,mir-29b(g),mir-29b,dnmt3b(g),dnmt3b,ai,426,423
pmc7247691,15.0,mcl-1,mir-29b,target,,cancer(multiple myeloma)(myeloma),,"cell proliferation, apoptosis, migration, downregulated",,,,high,citation,[209],mir-29b,mir-29b,mcl-1,mcl1,human,mcl-1(g),mir-29b(g),inhibitor,transcription,cancer(multiple myeloma)(myeloma),,"cell proliferation, apoptosis, migration",,,,high,citation,[209],,mir-29b(g),mir-29b,mcl-1(g),mcl1,ai,427,424
pmc7247691,15.0,cdk-6,mir-29b,target,,cancer(multiple myeloma)(myeloma),,"cell proliferation, apoptosis, migration, downregulated",,,,high,citation,[209],mir-29b,mir-29b,cdk-6,cdk6,human,cdk-6(g),mir-29b(g),inhibitor,transcription,cancer(multiple myeloma)(myeloma),,"cell proliferation, apoptosis, migration",,,,high,citation,[209],,mir-29b(g),mir-29b,cdk-6(g),cdk6,ai,428,425
pmc7247691,15.0,akt,mir-29b,target,,cancer(multiple myeloma)(myeloma),,"cell proliferation, apoptosis, migration, downregulated",,,,high,citation,[209],mir-29b,mir-29b,akt,akt(fam),human,akt(g),mir-29b(g),inhibitor,transcription,cancer(multiple myeloma)(myeloma),,"cell proliferation, apoptosis, migration",,,,high,citation,[209],,mir-29b(g),mir-29b,akt(g),akt(fam),ai,429,426
pmc7247691,15.0,sp1,mir-29b,target,,cancer(multiple myeloma)(myeloma),,"cell proliferation, apoptosis, migration, downregulated",,,,high,citation,[209],mir-29b,mir-29b,sp1,sp1,human,sp1(g),mir-29b(g),inhibitor,transcription,cancer(multiple myeloma)(myeloma),,"cell proliferation, apoptosis, migration",,,,high,citation,[209],,mir-29b(g),mir-29b,sp1(g),sp1,ai,430,427
pmc7247691,15.0,p53,mir-125a-5p,target,,cancer(multiple myeloma)(myeloma),,"cell growth, apoptosis, migration, overexpressed",,,,high,citation,[209],mir-125a-5p,mir-125a-5p,p53,tp53,human,p53(g),mir-125a-5p(g),inhibitor,transcription,cancer(multiple myeloma)(myeloma),,"cell growth, apoptosis, migration",,,,high,citation,[209],,mir-125a-5p(g),mir-125a-5p,p53(g),tp53,ai,431,428
pmc7247691,15.0,p21,mir-125a-5p,target,,cancer(multiple myeloma)(myeloma),,"cell growth, apoptosis, migration, overexpressed",,,,high,citation,[209],mir-125a-5p,mir-125a-5p,p21,cdkn1a,human,p21(g),mir-125a-5p(g),inhibitor,transcription,cancer(multiple myeloma)(myeloma),,"cell growth, apoptosis, migration",,,,high,citation,[209],,mir-125a-5p(g),mir-125a-5p,p21(g),cdkn1a,ai,432,429
pmc7247691,15.0,bax,mir-125a-5p,target,,cancer(multiple myeloma)(myeloma),,"cell growth, apoptosis, migration, overexpressed",,,,high,citation,[209],mir-125a-5p,mir-125a-5p,bax,bax,human,bax(g),mir-125a-5p(g),inhibitor,transcription,cancer(multiple myeloma)(myeloma),,"cell growth, apoptosis, migration",,,,high,citation,[209],,mir-125a-5p(g),mir-125a-5p,bax(g),bax,ai,433,430
pmc7247691,15.0,mdm2,mir-125a-5p,target,,cancer(multiple myeloma)(myeloma),,"cell growth, apoptosis, migration, overexpressed",,,,high,citation,[209],mir-125a-5p,mir-125a-5p,mdm2,mdm2,human,mdm2(g),mir-125a-5p(g),inhibitor,transcription,cancer(multiple myeloma)(myeloma),,"cell growth, apoptosis, migration",,,,high,citation,[209],,mir-125a-5p(g),mir-125a-5p,mdm2(g),mdm2,ai,434,431
pmc7247691,15.0,irf4,mir-125b-5p,target,,cancer(multiple myeloma)(myeloma),,"cell growth, apoptosis, autophagy, downregulated",,,,high,citation,[209],mir-125b-5p,mir-125b-5p,irf4,irf4,human,irf4(g),mir-125b-5p(g),inhibitor,transcription,cancer(multiple myeloma)(myeloma),,"cell growth, apoptosis, autophagy",,,,high,citation,[209],,mir-125b-5p(g),mir-125b-5p,irf4(g),irf4,ai,435,432
pmc7570905,6.0,tsc2(g)(path),bcl2,activator,transcription,cancer(liver cancer)(carcinoma),allicin,"growth inhibition, autophagy",hep g2,human,liver,medium,citation,"[95,96]",bcl2,bcl2,tsc2(g)(path),tsc2(path),human,tsc2(p),p53(p),activator,protein,cancer(liver cancer)(carcinoma),allicin,apoptosis,hep g2,human,liver,high,direct,[96],,p53(p),tp53,tsc2(p),tsc2,ai,446,451
