ID.SC,Block_ID.SC,Gene_Protein.SC_Human,unnormalized.SC_Human,normalized.SC_Human,Disease.SC_Human,Treatment_Exposure.SC_Human,Connection_Disease.SC_Human,Connection_Treatment.SC_Human,Disease_Mechanism.SC_Human,Treatment_Mechanism.SC_Human,Associated_Factors.SC_Human,Cellline.SC_Human,Species.SC_Human,Tissue.SC_Human,Confidence.SC_Human,Type_of_Evidence.SC_Human,Sentence.SC_Human,Source_Human,Gene_Protein.SC_AI,unnormalized.SC_AI,normalized.SC_AI,Disease.SC_AI,Treatment_Exposure.SC_AI,Connection_Disease.SC_AI,Connection_Treatment.SC_AI,Disease_Mechanism.SC_AI,Treatment_Mechanism.SC_AI,Associated_Factors.SC_AI,Cellline.SC_AI,Species.SC_AI,Tissue.SC_AI,Confidence.SC_AI,Type_of_Evidence.SC_AI,Sentence.SC_AI,Source_AI,Human_Index,AI_Index,connection_disease_marker_Human,connection_disease_marker_AI,mechanism_type.SC_Human,mechanism_type.SC_AI,disease_marker_Human,disease_marker_AI
pmc10367263,1.0,tp53(g)(mut),tp53(g)(mut),tp53,cancer(osteosarcoma)(sarcoma),,progression,,loss of function,,,,human,bone,high,citation,[6],human,tp53(g),tp53(g),tp53,cancer(osteosarcoma)(sarcoma),,connected,,genetic alterations,,,,,,high,citation,[5],ai,1,6,,,,,,
pmc10367263,1.0,rb1(g)(mut),rb1(g)(mut),rb1,cancer(osteosarcoma)(sarcoma),,progression,,loss of function,,,,human,bone,high,citation,[6],human,rb1(g),rb1(g),rb1,cancer(osteosarcoma)(sarcoma),,connected,,genetic alterations,,,,,,high,citation,[5],ai,2,7,,,,,,
pmc10367263,1.0,runx2,runx2,runx2,cancer(osteosarcoma)(sarcoma),,connected,,cancer cell survival,,regulating maturation  osteoblasts,"saos2, u2os, hos(mnng), 143b, g292",human,bone,high,citation,"[7,8,9,13,35]",human,runx2(g),runx2(g),runx2,cancer(osteosarcoma)(sarcoma),,connected,,cell survival,,transcription factor,,,,high,citation,"[7,9,10,12,13,18,19,20,22,23,24,25,26,27,35,36,37,38,39,40,41,42,44,47,48,50,51,52,53,55,56]",ai,3,1,,,,,,
pmc10367263,1.0,runx3,runx3,runx3,cancer(osteosarcoma)(sarcoma),,connected,,,,osteosarcoma development,,human,bone,high,citation,"[12,13]",human,runx3(g),runx3(g),runx3,cancer(osteosarcoma)(sarcoma),,connected,,cell survival,,transcription factor,,,,high,citation,"[12,36]",ai,4,4,,,,,,
pmc10367263,1.0,myc,myc,myc,cancer(osteosarcoma)(sarcoma),,connected,,cancer cell survival,,,,human,bone,high,citation,[10],human,myc(g),myc(g),myc,cancer(osteosarcoma)(sarcoma),,connected,,cell survival,,transcription factor,,,,high,citation,"[10,12,20,27]",ai,5,3,,,,,,
pmc10367263,1.0,sox9,sox9,sox9,cancer(osteosarcoma)(sarcoma),,connected,,,,chondroblast maturation,"saos2, u2os, hos(mnng), 143b, g292",human,bone,high,citation,"[14,16,33]",human,sox9(g),sox9(g),sox9,cancer(osteosarcoma)(sarcoma),,connected,,"cell survival, tumorigenesis",,transcription factor,,,,high,citation,"[14,16,18,19,20,21,33,34,35,37,39,40,53,54,55,56,57,59,60,61,62,63,64,65,66,67,68,70,71,72,74,75]",ai,6,2,,,,,,
pmc10367263,1.0,sp7,sp7,sp7,cancer(osteosarcoma)(sarcoma),,connected,,resistance,,osteoblast maturation,,mouse,bone,high,citation,[28],human,sp7(g),sp7(g),sp7,cancer(osteosarcoma)(sarcoma),,connected,,anti-tumor activity,,transcription factor,,,,high,citation,"[25,28]",ai,8,8,,,,,,
pmc10367263,1.0,zeb2,zeb2,zeb2,cancer(osteosarcoma)(sarcoma),,connected,,os metastasis,,emt,,human,bone,medium,citation,[31],human,zeb2(g),zeb2(g),zeb2,cancer(osteosarcoma)(sarcoma),,connected,,metastasis,,transcription factor,,,,high,citation,"[25,31]",ai,9,11,,,,,,
pmc10367263,2.0,sox9,sox9,sox9,cancer(osteosarcoma)(sarcoma),,connected,,,,,"os dunn,saos2",human,none,high,direct,"[97,106]",human,sox9(g),sox9(g),sox9,cancer(osteosarcoma)(sarcoma),,connected,,"pro-survival function,wnt/β-catenin, cardiac hypertrophy, hepatic fibrosis, pulmonary healing, osteoarthritis, lxr/rxr activation, gadd45, tgf-β, coagulation system, myc activation",,,,,,high,direct,"[84,86,87,89,90,91,92,93,94,95,96,97]",ai,15,15,,,,,,
pmc10367263,2.0,ncoa6,ncoa6,ncoa6,cancer(breast cancer),,connected,,,,,,human,breast,high,citation,[119],human,ncoa6(g),ncoa6(g),ncoa6,"cancer(osteosarcoma)(sarcoma), cancer(breast cancer)(carcinoma)",,progression,,"amplification, interaction with sox9",,aib3,,,,high,direct,"[116,119,120]",ai,16,24,,,,,,
pmc10367263,2.0,jmjd1c,jmjd1c,jmjd1c,cancer(osteosarcoma)(sarcoma),,connected,,,,histone lysine methylation demethylation,saos2,"human,mouse",bone,high,direct,"[124,125,126]",human,jmjd1c(g),jmjd1c(g),jmjd1c,cancer(osteosarcoma)(sarcoma),,connected,,"interaction with sox9, overexpression, histone lysine demethylation",,,,,,high,direct,"[97,114,115,116,122,123,124]",ai,17,17,,,,,,
pmc10367263,4.0,runx2,runx2,runx2,cancer(osteosarcoma)(sarcoma),,connected,,cancer cell survival,,,,,bone,high,direct,"[143,146,168]",human,runx2,runx2,runx2,cancer(osteosarcoma)(sarcoma),"mi-2,mi-3",progression,inhibitor,cancer cell survival,increased apoptosis,transcription factor,,,bone,high,citation,"[143,146,151,167,168]",ai,27,27,,,,,,
pmc10367263,4.0,sox9,sox9,sox9,cancer(osteosarcoma)(sarcoma),,connected,,"cancer cell survival,cancer growth",,,,,bone,high,direct,"[143,148,151,153,160]",human,sox9,sox9,sox9,cancer(osteosarcoma)(sarcoma),,progression,,cancer cell survival,,transcription factor,,,bone,high,direct,"[146,151,153]",ai,28,28,,,,,,
pmc10367263,4.0,jmjd1c,jmjd1c,jmjd1c,cancer(osteosarcoma)(sarcoma),,connected,,"cancer cell survival,cancer growth",,,,,bone,high,direct,"[148,151]",human,jmjd1c,jmjd1c,jmjd1c,cancer(osteosarcoma)(sarcoma),,progression,,cancer cell survival,,,,,bone,high,direct,"[148,151,159]",ai,29,30,,,,,,
pmc10367263,4.0,myc,myc,myc,cancer(osteosarcoma)(sarcoma),,connected,,cancer cell survival,,,,,bone,high,citation,"[151,153]",human,myc,myc,myc,cancer(osteosarcoma)(sarcoma),,progression,,cancer cell survival,,,,,bone,high,citation,"[146,151,153]",ai,30,29,,,,,,
pmc10367263,4.0,stat3,stat3,stat3,cancer(osteosarcoma)(sarcoma),,connected,,poor outcomes,,,,mouse,bone,high,citation,[156],human,stat3(p),stat3(p),stat3,cancer(osteosarcoma)(sarcoma),,progression,,poor prognosis,,overexpression,,,bone,high,citation,"[155,156]",ai,31,31,,,,,,
pmc2588448,2.0,myc,myc,myc,cancer(breast cancer),,connected,,,,mmtv,,mouse,,high,indirect,"[51,52,54,55]",human,myc(g),myc(g),myc,cancer(mammary)(carcinoma),,connected,,tumorigenesis,,transgenic,,mouse,mammary,high,citation,"[51,54]",ai,42,42,,,,,,
pmc2588448,2.0,hras(g),hras(g),hras,cancer(breast cancer),,connected,,,,mmtv,,mouse,,medium,indirect,"[51,55]",human,hras(g),hras(g),hras,cancer(mammary)(carcinoma),,connected,,tumorigenesis,,transgenic,,mouse,mammary,high,citation,[51],ai,43,43,,,,,,
pmc2588448,2.0,her2,her2,erbb2,cancer(breast cancer),,connected,,,,mmtv,,mouse,,medium,indirect,"[51,55]",human,her2(g),her2(g),erbb2,cancer(mammary)(carcinoma),,connected,,tumorigenesis,,transgenic,,mouse,mammary,high,citation,[51],ai,44,44,,,,,,
pmc2588448,2.0,rb(mut),rb(mut),rb1,cancer(breast cancer),,connected,,loss of function,,,,mouse,,medium,indirect,"[51,54,55]",human,rb(g),rb(g),rb1,cancer(mammary)(carcinoma),,connected,,tumorigenesis,,loss,,mouse,mammary,high,citation,"[51,55]",ai,45,45,,,,,,
pmc2588448,2.0,e2f3,e2f3,e2f3,cancer(breast cancer),,connected,,,,,,mouse,,medium,indirect,"[52,55]",human,e2f3(g),e2f3(g),e2f3,cancer(mammary)(carcinoma),,connected,,tumorigenesis,,increased expression,,mouse,mammary,high,citation,[55],ai,46,47,,,,,,
pmc2588448,2.0,ras(p),ras(p),ras(fam),cancer(breast cancer),,connected,,,,mmtv,,mouse,,medium,indirect,"[54,55]",human,ras(fam),ras(fam),ras(fam),cancer(mammary)(carcinoma),,connected,,tumorigenesis,,,,mouse,mammary,high,citation,[54],ai,47,46,,,,,,
pmc2588448,8.0,cd40(p),cd40(p),cd40,cancer(diffuse large b-cell lymphoma)(lymphoma),,connected,,,,,,human,,medium,indirect,[116],human,cd40(p),cd40(p),cd40,cancer(dlbcl)(lymphoma),,connected,,,,,,,,low,citation,[116],ai,56,56,,,,,,
pmc2588448,9.0,tlr4(p),tlr4(p),tlr4,cancer(diffuse large b-cell lymphoma)(lymphoma),,connected,,"poor outcomes,activation",,,,human,,medium,indirect,[123],human,tlr4(p),tlr4(p),tlr4,cancer(diffuse large b cell lymphoma)(lymphoma),lps,,connected,poor prognosis,,,,,,high,citation,"[122,123]",ai,60,60,,yes,,target,,
pmc2588448,9.0,tlr9(p),tlr9(p),tlr9,cancer(diffuse large b-cell lymphoma)(lymphoma),,connected,,"poor outcomes,activation",,,,human,,medium,indirect,[123],human,tlr9(p),tlr9(p),tlr9,cancer(diffuse large b cell lymphoma)(lymphoma),cpg,,connected,poor prognosis,,,,,,high,citation,"[122,123]",ai,61,61,,yes,,target,,
pmc2588448,9.0,cd40(p),cd40(p),cd40,cancer(diffuse large b-cell lymphoma)(lymphoma),,connected,,"poor outcomes,activation",,,,human,,medium,indirect,[123],human,cd40(p),cd40(p),cd40,cancer(diffuse large b cell lymphoma)(lymphoma),cd40 ligand,,connected,poor prognosis,,,,,,high,citation,"[122,123]",ai,62,62,,yes,,target,,
pmc2588448,12.0,hsp90(p),hsp90(p),hsp90(fam),cancer,"17-allylamino-geldanamycin, monorden",connected,inhibitor,"tumor survival, growth",inhibitor,,,human,,high,citation,"[149,150,152]",human,hsp90(p),hsp90(p),hsp90(fam),cancer(na)(na),"17aag,monorden",connected,connected,,inhibition,,,,,high,citation,"[149,150,151]",ai,64,64,,,,target,,
pmc2588448,13.0,tlr4(p),tlr4(p),tlr4,cancer,,connected,,"progression, carcinogenesis, not adenocarcinoma",,,,human,,high,citation,"[159,161,163]",human,tlr4(p),tlr4(p),tlr4,cancer(na)(na),lps,connected,connected,cancer progression,,,,,,medium,citation,[159],ai,66,66,,,,target,,
pmc2588448,13.0,tlr4(p),tlr4(p),tlr4,cancer,,connected,,"progression, carcinogenesis, not adenocarcinoma",,,,human,,high,citation,"[159,161,163]",human,toll-like receptors(fam)(p),toll-like receptors(fam)(p),tlr(fam),"cancer(na)(na), cancer(diffuse large b cell lymphoma)(lymphoma)",,connected,,"cancer progression, carcinogenesis",,inflammation,,human,,medium,citation,"[158,163]",ai,66,67,,,,,,
pmc2588448,13.0,tlr4(p),tlr4(p),tlr4,cancer,,connected,,"progression, carcinogenesis, not adenocarcinoma",,,,human,,high,citation,"[159,161,163]",human,tlr(fam)(p),tlr(fam)(p),tlr(fam),cancer(na)(na),,connected,,cancer progression,,,,,,medium,citation,[161],ai,66,68,,,,,,
pmc4941290,1.0,pten (g)(mut),pten (g)(mut),pten,cancer(prostate)(carcinoma),azd5363,connected,,loss of function,resistance,pten mutation,,mouse,prostate,high,direct,"[14, 19, 21]",human,pten,pten,pten,cancer(prostate cancer)(carcinoma),azd5363,connected,connected,tumor progression,,"conditional inactivation, biallelic loss",,,,high,direct,"[12,13,14,17,18,19,20,21,22,32,33,34]",ai,98,98,,,,target,,
pmc4941290,1.0,pik3ca(g)(mut),pik3ca(g)(mut),pik3ca,cancer(prostate)(carcinoma),,connected,,activating mutation,,pi3k mutation,,human,prostate,high,citation,"[12, 13, 18]",human,pik3ca/b,pik3ca/b,pik3ca/pik3cb,cancer(prostate cancer)(carcinoma),azd5363,connected,connected,activation,sensitivity to azd5363,activating mutations,,,,high,citation,"[12,13,17]",ai,99,99,,,,target,,
pmc4941290,1.0,pik3cb(g)(mut),pik3cb(g)(mut),pik3cb,cancer(prostate)(carcinoma),,connected,,activating mutation,,pi3k mutation,,human,prostate,high,citation,"[12, 13, 18]",human,pik3ca/b,pik3ca/b,pik3ca/pik3cb,cancer(prostate cancer)(carcinoma),azd5363,connected,connected,activation,sensitivity to azd5363,activating mutations,,,,high,citation,"[12,13,17]",ai,100,99,,,,target,,
pmc4941290,1.0,akt (fam),akt (fam),akt(fam),cancer(prostate)(carcinoma),azd5363,connected,inhibitor,"survival, proliferation, cell cycle progression, growth, invasion, migration, and angiogenesis",atp-competitive inhibitor,,,mouse,prostate,high,direct,"[15,16]",human,akt,akt,akt(fam),cancer(prostate cancer)(carcinoma),azd5363,connected,connected,"proliferation, survival, cell cycle progression, growth, invasion, migration, angiogenesis","inhibition of phosphorylation, decreased pcna levels, increased cleaved caspase-3",,,,,high,direct,"[12,13,15,16,17,18,20,22,23,24,25,26]",ai,102,97,,,target,target,,
pmc4941290,1.0,foxo1 (p),foxo1 (p),foxo1,cancer(prostate)(carcinoma),azd5364,connected,inhibitor,,inhibits phosphorilation,,,mouse,prostate,high,direct,"[21,22,23,24]",human,foxo1,foxo1,foxo1,cancer(prostate cancer)(carcinoma),azd5363,connected,connected,,inhibition of phosphorylation,akt substrate,,,,high,direct,"[22,23,24]",ai,103,103,,,,target,,
pmc4941290,1.0,gsk3β (p),gsk3β (p),gsk3b,cancer(prostate)(carcinoma),azd5365,connected,inhibitor,,inhibits phosphorilation,,,mouse,prostate,high,direct,"[21,22,23,24]",human,gsk3β,gsk3β,gsk3b,cancer(prostate cancer)(carcinoma),azd5363,connected,connected,,inhibition of phosphorylation,akt substrate,,,,high,direct,"[22,23]",ai,104,104,,,,target,,
pmc4941290,1.0,4e-bp1 (p),4e-bp1 (p),eif4ebp1,cancer(prostate)(carcinoma),azd5366,connected,inhibitor,,inhibits phosphorilation,,,mouse,prostate,high,direct,"[21,22,23,24]",human,4e-bp1,4e-bp1,eif4ebp1,cancer(prostate cancer)(carcinoma),azd5363,connected,connected,,inhibition of phosphorylation,akt substrate,,,,high,direct,[22],ai,105,105,,,,target,,
pmc4941290,1.0,s6 (p),s6 (p),rps6,cancer(prostate)(carcinoma),azd5367,connected,inhibitor,,inhibits phosphorilation,,,mouse,prostate,high,direct,"[21,22,23,24]",human,s6,s6,rps6,cancer(prostate cancer)(carcinoma),azd5363,connected,connected,,inhibition of phosphorylation,akt substrate,,,,high,direct,"[22,24]",ai,106,106,,,,target,,
pmc4941290,1.0,erk1,erk1,mapk3,cancer(prostate)(carcinoma),azd5368,connected,activator,,activates phosphorilation,,,mouse,prostate,high,direct,"[28,31]",human,erk1/2,erk1/2,mapk1/mapk3,cancer(prostate cancer)(carcinoma),azd5363,connected,connected,,phosphorylation levels affected,mapk pathway,,,,high,direct,"[28,31]",ai,107,109,,,,target,,
pmc4941290,1.0,erk2,erk2,mapk1,cancer(prostate)(carcinoma),azd5369,connected,activator,,activates phosphorilation,,,mouse,prostate,high,direct,"[28,31]",human,erk1/2,erk1/2,mapk1/mapk3,cancer(prostate cancer)(carcinoma),azd5363,connected,connected,,phosphorylation levels affected,mapk pathway,,,,high,direct,"[28,31]",ai,108,109,,,,target,,
pmc4941290,1.0,stat3,stat3,stat3,cancer(prostate)(carcinoma),azd5370,connected,activator,,activates phosphorilation,,,mouse,prostate,high,direct,"[28,29,30]",human,stat3,stat3,stat3,cancer(prostate cancer)(carcinoma),azd5363,connected,connected,resistance and survival of cancer cells,phosphorylation levels affected,jak/stat3 pathway,,,,high,direct,"[27,28,29,30]",ai,109,101,,,,target,,
pmc4941290,2.0,pten(g)(mut),pten(g)(mut),pten,cancer(prostate)(carcinoma),azd5370,connected,,"loss of function,",resistance,"cnpc,crpc, pten-ko",,mouse,prostate,high,direct,"[37,40]",human,pten(g),pten(g),pten,cancer(prostate cancer)(carcinoma),azd5363,connected,connected,tumor burden,tumor reduction,deficiency,,mouse,prostate,high,direct,"[37,38,40,43,45]",ai,111,111,,,,target,,
pmc4941290,3.0,akt (fam),akt (fam),akt(fam),cancer(prostate)(carcinoma),azd5363,connected,inhibitor,,inhibitor,"cnpc, crpc,early stage,pten-ko",,mouse,prostate,high,direct,"[58,63,85]",human,akt(p),akt(p),akt(fam),cancer(prostate cancer)(carcinoma),azd5363,progression,connected,"tumor growth, tumor progression",tumor reduction,,,mouse,prostate,high,citation,"[53,54,55,58,85]",ai,118,119,,,,target,,
pmc4941290,3.0,p53(mut),p53(mut),tp53,cancer(prostate)(carcinoma),,connected,,"loss of function,disease progression",,pten/p53-dko,,human,prostate,high,citation,[66],human,p53(g),p53(g),tp53,cancer(prostate cancer)(carcinoma),,progression,,"inactivation, disease progression",,"conditional inactivation, psa-cre",,"human, mouse",prostate,high,citation,"[65,66,67,68,69,70]",ai,119,117,,,,,,
pmc4941290,5.0,akt (fam),akt (fam),akt(fam),cancer(prostate)(carcinoma),azd5363,connected,inhibitor,,inhibitor,pten/p53-dko,,mouse,prostate,high,direct,"[112,113,114]",human,akt(p),akt(p),akt(fam),cancer(prostate cancer)(carcinoma),azd5363,connected,connected,"tumor growth, tumor progression",tumor inhibition,,,mouse,prostate,high,direct,"[112,113]",ai,132,132,,,,target,,
pmc4941290,6.0,akt (fam),akt (fam),akt(fam),cancer(prostate)(carcinoma),azd5363,connected,inhibitor,,inhibitor,,,human,prostate,high,hypothetical,[127],human,akt(p),akt(p),akt(fam),cancer(prostate cancer)(carcinoma),azd5363,progression,connected,,,,,,prostate,high,citation,"[126,127,129,130]",ai,136,137,,,,target,,
pmc4941290,7.0,pten(g)(mut),pten(g)(mut),pten,cancer(prostate)(carcinoma),,connected,,"loss of function, tumorgenesis, metastases",,pten-ko,,mouse,"prostate,metastases",high,"citation,direct","[154,155,156,157]",human,pten(g),pten(g),pten,cancer(prostate cancer)(carcinoma),,progression,,tumorigenesis,,conditional pten-ko mouse model,,mouse,prostate,high,citation,"[153,154,156,157]",ai,143,143,,,,,,
pmc4941290,8.0,p53,p53,tp53,cancer(prostate)(carcinoma),,connected,,"progression,metastases",,,,mouse,"prostate, metastases",high,citation,[169],human,p53(g),p53(g),tp53,cancer(prostate cancer)(carcinoma),,progression,,"metastasis, cancer progression",,advanced metastatic,,mouse,prostate,high,citation,"[169,171,172]",ai,147,147,,,,,,
pmc4941290,9.0,akt (fam),akt (fam),akt(fam),cancer(prostate)(carcinoma),azd5363,connected,inhibitor,,inhibitor,"pten/p53-dko,pten-ko,cprc,cytostatic response,apoptosis",,mouse,prostate,high,direct,[188],human,akt,akt,akt(fam),cancer(prostate cancer)(carcinoma),akt inhibition,progression,inhibitor,"tumor cell proliferation, apoptosis","growth inhibition, increased apoptosis",,,mouse,prostate,high,direct,[188],ai,151,154,,,,,,
pmc6642263,1.0,zeb1,zeb1,zeb1,cancer(breast cancer)(carcinoma),,progression,,"invasion,metastasis, drug resistance, radioresistance, emt, poor survival",,"stromal cells,tnbc; er and pr negative, her2 negative",,"human, mouse",breast(stromal fibroblasts),high,citation,"[5,6,7,24]",human,zeb1,zeb1,zeb1,cancer(breast cancer)(carcinoma),,progression,,"tumor invasion, distant metastasis, drug resistance, radioresistance, emt",,transcription factor,,,,high,citation,"[5,6,7,9,11,12,13,14,15,16,17,19,20,21,24,25]",ai,182,182,,,,,,
pmc6642263,2.0,zeb1(g),zeb1(g),zeb1,cancer(breast cancer)(carcinoma),knockout,progression,,"growth,metastasis",cancer supression,"zeb1-knockout,fibroblasts,stroma, pymt",,mouse,breast(stromal fibroblasts),high,direct,"[51,62]",human,zeb1,zeb1,zeb1,cancer(breast cancer)(carcinoma),,progression,,"tumor formation, tumor progression",,conditional deletion,,mouse,breast,high,direct,"[50,52,56,57,58,62,64,66,68,70]",ai,192,192,,,,,,
pmc6642263,3.0,zeb1(g),zeb1(g),zeb1,cancer(breast cancer)(carcinoma),,progression,,"progression, metastasis, recruitment imune cells, recruitment endothelial cells",,"stromal fibroblast,pymt-fib-cko, pymt-cko",,mouse,metastasis(lung),high,direct,"[88,90,91]",human,zeb1(g),zeb1(g),zeb1,cancer(breast cancer)(carcinoma),,suppression,,"tumor initiation, tumor progression, metastasis, ecm deposition, immune cell recruitment, endothelial cell recruitment",,"conditional deletion, stromal fibroblasts",,mouse,mammary gland,high,direct,"[81,82,83,84,89,90,91,92,93,94,95,96,97,98,99]",ai,198,198,,,,,,
pmc6642263,3.0,cd31,cd31,pecam1,cancer(breast cancer)(carcinoma),,connected,,,,pymt-fib-cko,,mouse,breast,high,direct,[96],human,cd31-positive(p),cd31-positive(p),pecam1,cancer(breast cancer)(carcinoma),,,,endothelial cell infiltration,,,,mouse,mammary gland,high,direct,[96],ai,199,202,,yes,,,,
pmc6642263,5.0,zeb1(g),zeb1(g),zeb1,cancer(breast cancer)(carcinoma),,progression,,"progression, metastasis, recruitment imune cells, recruitment endothelial cells",,"stromal fibroblast,pymt-fib-cko",,mouse,metastasis(lung),high,direct,"[114,115,119]",human,zeb1,zeb1,zeb1,cancer(breast cancer)(carcinoma),ablation,connected,connected,"growth inhibition, invasion inhibition","growth inhibition, invasion inhibition",stromal fibroblasts,,,breast,high,direct,"[114,119]",ai,207,207,,,,target,,
pmc6642263,5.0,k14(p),k14(p),krt14,cancer(breast cancer)(carcinoma),,,,"invasion, metastasis",,"pymt-fib-cko,pymt-fib-wt",,mouse,breast,high,"citation,direct","[116,117,118]",human,ki67,ki67,mki67,cancer(breast cancer)(carcinoma),,,,proliferation,,,,,breast,high,citation,"[120,122]",ai,208,210,yes,yes,,,,
pmc6642263,7.0,zeb1(g),zeb1(g),zeb1,cancer(breast cancer)(carcinoma),knockout,progression,inhibitor,"invasion, migration","invasion supression, migration suppresion","cafs,stromal fibroblasts",,pymt-cancer cells,,high,direct,"[139,140,141,149,150]",human,zeb1-deleted(mut),zeb1-deleted(mut),zeb1(mut),cancer(breast cancer)(carcinoma),,connected,,"invasion, migration",,stromal fibroblasts,pymt-cancer,,breast,high,direct,"[136,139,141,144,149,150,151,157]",ai,217,217,,,,,,
pmc6642263,7.0,zeb1(g),zeb1(g),zeb1,cancer(breast cancer)(carcinoma),knockout,progression,inhibitor,"invasion, migration","invasion supression, migration suppresion","cafs,stromal fibroblasts",,pymt-cancer cells,,high,direct,"[139,140,141,149,150]",human,zeb1(mut),zeb1(mut),zeb1(mut),cancer(breast cancer)(carcinoma),,suppression,,tumor microenvironment,,stromal fibroblasts,pymt-cancer,,breast,high,direct,"[139,150,151,157]",ai,217,218,,,,,,
pmc6642263,7.0,k14(p),k14(p),krt14,cancer(breast cancer)(carcinoma),,connected,,invasion,,fib-cko,,mouse,breast(glands),high,direct,"[151,156]",human,k14-positive,k14-positive,krt14,cancer(breast cancer)(carcinoma),,connected,,"proliferation, invasion",,stromal fibroblasts,pymt-cancer,,breast,high,direct,[156],ai,218,221,,,,,,
pmc6642263,9.0,p53,p53,tp53,cancer(breast cancer)(carcinoma),,suppression,,"expansion, progression,tumor initiation",,fib-cko,,mouse,,medium,citation,[175],human,p53(p),p53(p),tp53,cancer(na)(carcinoma),cycloheximide,connected,inhibitor,"proliferation,apoptosis resistance,angiogenesis",,,,,,high,direct,"[201,202]",ai,223,224,,,,,,
pmc6642263,11.0,zeb1,zeb1,zeb1,cancer(breast cancer)(carcinoma),,connected,,"tumour innitiation, tumour suppression, invasion",,"stroma, fibroblast",pymt-cancer cells,mouse,breast(stromal fibroblasts),high,direct,"[242,251]",human,zeb1(g),zeb1(g),zeb1,cancer(breast cancer)(carcinoma),,connected,,tumour growth and progression,,paracrine fashion,,human,breast,high,citation,"[242,247,252,255]",ai,234,234,,,,,,
pmc6642263,11.0,p53,p53,tp53,cancer(breast cancer)(carcinoma),,suppression,,"tumour innitiation, tumour suppression, invasion",,"stroma, fibroblast",pymt-cancer cells,mouse,breast(stromal fibroblasts),high,direct,"[242,251]",human,tp53(g),tp53(g),tp53,cancer(breast cancer)(carcinoma),,connected,,tumour growth and progression,,transcription factor,,human,breast,high,citation,"[242,244,245,247,250,252,255]",ai,235,235,,,,,,
pmc6642263,13.0,p53,p53,tp53,cancer(breast cancer)(carcinoma),,suppression,,"suppression type i collagen deposition, suppression recruitment of endothelial cells, suppression recruitment of immune cells",,"stroma, fibroblast,pymt-fib-zeb1-cko,pymt-fib-wt,pymt-fib-zeb1/p53-dcko",pymt-cancer cells,mouse,breast(stromal fibroblasts),high,direct,"[275,279]",human,p53(p),p53(p),tp53,cancer(breast cancer)(carcinoma),,connected,,"tumor growth, tumor progression",,,,,,high,citation,"[275,276,277,278,280,281,284,285,289,290,291,293,295,296,298,299,300,301,302,303,304,305,306]",ai,251,251,,,,,,
pmc6642263,13.0,zeb1(p),zeb1(p),zeb1,cancer(breast cancer),,connected,,"poor outcomes, tumour progression",,"stroma, not epithelia",,human,,medium,citation,"[282,283]",human,zeb1(p),zeb1(p),zeb1,cancer(breast cancer)(carcinoma),,connected,,"tumor growth, tumor progression",,,,,,high,citation,"[275,276,277,278,280,281,282,283,284,285,286,288,289,290,291,293,295,296,298,299,300,301,302,303,304,305,306,308]",ai,252,252,,,,,,
pmc6642263,13.0,fgf2(p),fgf2(p),fgf2,cancer(breast cancer),,progression,,"tumour growth, metastases",,"endothelial, leucocytes, macrophages, epithelia",,,breast(stromal fibroblasts),high,citation,"[293,294]",human,fgf2(p),fgf2(p),fgf2,cancer(breast cancer)(carcinoma),,connected,,"tumor growth, tumor progression",,,,,,medium,citation,"[293,294,301,302,303]",ai,255,253,,,,,,
pmc6642263,13.0,fgf7(p),fgf7(p),fgf7,cancer(breast cancer),,progression,,"tumour growth, metastases",,"endothelial, leucocytes, macrophages, epithelia",,,"breast(stromal fibroblasts,endothelial, leucocytes, macrophages, epithelia)",high,citation,"[293,294]",human,fgf7(p),fgf7(p),fgf7,cancer(breast cancer)(carcinoma),,connected,,"tumor growth, tumor progression",,,,,,medium,citation,"[293,294]",ai,256,254,,,,,,
pmc6642263,13.0,vegfa (p),vegfa (p),vegfa,cancer(breast cancer),,progression,,"tumour growth, metastases",,"endothelial, leucocytes, macrophages, epithelia",,,"breast(stromal fibroblasts,endothelial, leucocytes, macrophages, epithelia)",high,citation,"[293,294]",human,vegfa(p),vegfa(p),vegfa,cancer(breast cancer)(carcinoma),,connected,,"tumor growth, tumor progression",,,,,,medium,citation,"[293,294]",ai,257,255,,,,,,
pmc6695528,1.0,ssat1,ssat1,sat1,cancer,amantadine,connected,,"cell growth,proliferation, cell death",substrate,,,human,,high,citation,"[10,11,12,14]",human,ssat-1(g),ssat-1(g),sat1,cancer(na)(na),amantadine,connected,connected,upregulated,acetylation,,,,,high,citation,"[11,12,13,14]",ai,291,291,,,,target,yes,
pmc6695528,6.0,ssat1,ssat1,sat1,cancer,,connected,,,,,,human,,high,citation,[144],human,spermidine/spermine n1-acetyltransferase(p),spermidine/spermine n1-acetyltransferase(p),sat1,cancer(na)(na),,connected,,,,,,,,low,citation,[144],ai,295,295,,,,,,
pmc6769112,3.0,arg1,arg1,arg1,cancer,,progression,,"t cell supression,tumor progression, metastasis",,"mdscs,high nlr,low lmr",,,,high,citation,"[106,107,108]",human,arg1(p),arg1(p),arg1,cancer(na)(na),,connected,,"t cell suppression, tumor progression, metastasis",,mdsc,,,,high,citation,[107],ai,299,300,,,,,,
pmc6769112,3.0,inos,inos,nos2(fam),cancer,,progression,,"t cell supression,tumor progression, metastasis",,"mdscs,high nlr,low lmr",,,,high,citation,"[106,107,108]",human,,,,,,,,,,,,,,,,,,300,301,,,,,,
pmc7221297,1.0,gls(p),gls(p),gls,cancer(oral squamous cells)(carcinoma),,connected,,"proliferation,antioxidation",,"glutamin, transport",,,,high,citation,"[2,3,6]",human,gls(p),gls(p),gls,cancer(oral squamous cells carcinoma)(carcinoma),,connected,,,,,,human,,high,citation,[6],ai,306,322,,,,,,
pmc7221297,1.0,asct2(p),asct2(p),slc1a5,"cancer(breast cancer)(carcinoma), cancer(prostate cancer)(carcinoma), cancer(melanoma)(melanoma), cancer(colorectal cancer)(carcinoma), cancer(pancreatic cancer)(carcinoma), cancer(tongue cancer)(carcinoma), cancer(lung cancer)(carcinoma),cancer(endometrial cancer)(carcinoma), cancer(oral squamous cells)(carcinoma)",,progression,,"poor survival,glutamin transport, tumor growth",,,,human,,high,citation,"[5,6,8]",human,asct2(p),asct2(p),slc1a5,cancer(prostate cancer)(carcinoma),,connected,,,,,,human,,high,citation,[4],ai,309,307,,,,,,
pmc7221297,1.0,asct2(p),asct2(p),slc1a5,"cancer(breast cancer)(carcinoma), cancer(prostate cancer)(carcinoma), cancer(melanoma)(melanoma), cancer(colorectal cancer)(carcinoma), cancer(pancreatic cancer)(carcinoma), cancer(tongue cancer)(carcinoma), cancer(lung cancer)(carcinoma),cancer(endometrial cancer)(carcinoma), cancer(oral squamous cells)(carcinoma)",,progression,,"poor survival,glutamin transport, tumor growth",,,,human,,high,citation,"[5,6,8]",human,asct2(p),asct2(p),slc1a5,cancer(melanoma)(carcinoma),,connected,,,,,,human,,high,citation,[4],ai,309,308,,,,,,
pmc7221297,1.0,asct2(p),asct2(p),slc1a5,"cancer(breast cancer)(carcinoma), cancer(prostate cancer)(carcinoma), cancer(melanoma)(melanoma), cancer(colorectal cancer)(carcinoma), cancer(pancreatic cancer)(carcinoma), cancer(tongue cancer)(carcinoma), cancer(lung cancer)(carcinoma),cancer(endometrial cancer)(carcinoma), cancer(oral squamous cells)(carcinoma)",,progression,,"poor survival,glutamin transport, tumor growth",,,,human,,high,citation,"[5,6,8]",human,asct2(p),asct2(p),slc1a5,cancer(colorectal cancer)(carcinoma),,connected,,,,,,human,,high,citation,[4],ai,309,309,,,,,,
pmc7221297,1.0,asct2(p),asct2(p),slc1a5,"cancer(breast cancer)(carcinoma), cancer(prostate cancer)(carcinoma), cancer(melanoma)(melanoma), cancer(colorectal cancer)(carcinoma), cancer(pancreatic cancer)(carcinoma), cancer(tongue cancer)(carcinoma), cancer(lung cancer)(carcinoma),cancer(endometrial cancer)(carcinoma), cancer(oral squamous cells)(carcinoma)",,progression,,"poor survival,glutamin transport, tumor growth",,,,human,,high,citation,"[5,6,8]",human,asct2(p),asct2(p),slc1a5,cancer(pancreatic cancer)(carcinoma),,connected,,,,,,human,,high,citation,[4],ai,309,310,,,,,,
pmc7221297,1.0,asct2(p),asct2(p),slc1a5,"cancer(breast cancer)(carcinoma), cancer(prostate cancer)(carcinoma), cancer(melanoma)(melanoma), cancer(colorectal cancer)(carcinoma), cancer(pancreatic cancer)(carcinoma), cancer(tongue cancer)(carcinoma), cancer(lung cancer)(carcinoma),cancer(endometrial cancer)(carcinoma), cancer(oral squamous cells)(carcinoma)",,progression,,"poor survival,glutamin transport, tumor growth",,,,human,,high,citation,"[5,6,8]",human,asct2(p),asct2(p),slc1a5,cancer(tongue cancer)(carcinoma),,connected,,,,,,human,,high,citation,[4],ai,309,311,,,,,,
pmc7221297,1.0,asct2(p),asct2(p),slc1a5,"cancer(breast cancer)(carcinoma), cancer(prostate cancer)(carcinoma), cancer(melanoma)(melanoma), cancer(colorectal cancer)(carcinoma), cancer(pancreatic cancer)(carcinoma), cancer(tongue cancer)(carcinoma), cancer(lung cancer)(carcinoma),cancer(endometrial cancer)(carcinoma), cancer(oral squamous cells)(carcinoma)",,progression,,"poor survival,glutamin transport, tumor growth",,,,human,,high,citation,"[5,6,8]",human,asct2(p),asct2(p),slc1a5,cancer(lung cancer)(carcinoma),,connected,,,,,,human,,high,citation,[4],ai,309,312,,,,,,
pmc7221297,1.0,asct2(p),asct2(p),slc1a5,"cancer(breast cancer)(carcinoma), cancer(prostate cancer)(carcinoma), cancer(melanoma)(melanoma), cancer(colorectal cancer)(carcinoma), cancer(pancreatic cancer)(carcinoma), cancer(tongue cancer)(carcinoma), cancer(lung cancer)(carcinoma),cancer(endometrial cancer)(carcinoma), cancer(oral squamous cells)(carcinoma)",,progression,,"poor survival,glutamin transport, tumor growth",,,,human,,high,citation,"[5,6,8]",human,asct2(p),asct2(p),slc1a5,cancer(endometrial cancer)(carcinoma),asct2-sirna,connected,inhibitor,,tumor reduction,,,human,,high,citation,[5],ai,309,313,,,,,,
pmc7221297,1.0,asct2(p),asct2(p),slc1a5,"cancer(breast cancer)(carcinoma), cancer(prostate cancer)(carcinoma), cancer(melanoma)(melanoma), cancer(colorectal cancer)(carcinoma), cancer(pancreatic cancer)(carcinoma), cancer(tongue cancer)(carcinoma), cancer(lung cancer)(carcinoma),cancer(endometrial cancer)(carcinoma), cancer(oral squamous cells)(carcinoma)",,progression,,"poor survival,glutamin transport, tumor growth",,,,human,,high,citation,"[5,6,8]",human,asct2(p),asct2(p),slc1a5,cancer(prostate cancer)(carcinoma),asct2-sirna,connected,inhibitor,,tumor reduction,,,human,,high,citation,[5],ai,309,314,,,,,,
pmc7221297,1.0,asct2(p),asct2(p),slc1a5,"cancer(breast cancer)(carcinoma), cancer(prostate cancer)(carcinoma), cancer(melanoma)(melanoma), cancer(colorectal cancer)(carcinoma), cancer(pancreatic cancer)(carcinoma), cancer(tongue cancer)(carcinoma), cancer(lung cancer)(carcinoma),cancer(endometrial cancer)(carcinoma), cancer(oral squamous cells)(carcinoma)",,progression,,"poor survival,glutamin transport, tumor growth",,,,human,,high,citation,"[5,6,8]",human,asct2(p),asct2(p),slc1a5,cancer(colorectal cancer)(carcinoma),asct2-sirna,connected,inhibitor,,tumor reduction,,,human,,high,citation,[5],ai,309,315,,,,,,
pmc7221297,1.0,asct2(p),asct2(p),slc1a5,"cancer(breast cancer)(carcinoma), cancer(prostate cancer)(carcinoma), cancer(melanoma)(melanoma), cancer(colorectal cancer)(carcinoma), cancer(pancreatic cancer)(carcinoma), cancer(tongue cancer)(carcinoma), cancer(lung cancer)(carcinoma),cancer(endometrial cancer)(carcinoma), cancer(oral squamous cells)(carcinoma)",,progression,,"poor survival,glutamin transport, tumor growth",,,,human,,high,citation,"[5,6,8]",human,asct2(p),asct2(p),slc1a5,cancer(non–small cell lung cancer)(carcinoma),,,,poor prognosis,,,,human,,high,citation,[5],ai,309,316,,yes,,,,
pmc7221297,1.0,asct2(p),asct2(p),slc1a5,"cancer(breast cancer)(carcinoma), cancer(prostate cancer)(carcinoma), cancer(melanoma)(melanoma), cancer(colorectal cancer)(carcinoma), cancer(pancreatic cancer)(carcinoma), cancer(tongue cancer)(carcinoma), cancer(lung cancer)(carcinoma),cancer(endometrial cancer)(carcinoma), cancer(oral squamous cells)(carcinoma)",,progression,,"poor survival,glutamin transport, tumor growth",,,,human,,high,citation,"[5,6,8]",human,asct2(p),asct2(p),slc1a5,cancer(esophageal squamous cell carcinoma)(carcinoma),,,,poor prognosis,,,,human,,high,citation,[5],ai,309,317,,yes,,,,
pmc7221297,1.0,asct2(p),asct2(p),slc1a5,"cancer(breast cancer)(carcinoma), cancer(prostate cancer)(carcinoma), cancer(melanoma)(melanoma), cancer(colorectal cancer)(carcinoma), cancer(pancreatic cancer)(carcinoma), cancer(tongue cancer)(carcinoma), cancer(lung cancer)(carcinoma),cancer(endometrial cancer)(carcinoma), cancer(oral squamous cells)(carcinoma)",,progression,,"poor survival,glutamin transport, tumor growth",,,,human,,high,citation,"[5,6,8]",human,asct2(p),asct2(p),slc1a5,cancer(breast cancer)(carcinoma),,,,poor prognosis,,,,human,,high,citation,[5],ai,309,318,,yes,,,,
pmc7221297,1.0,asct2(p),asct2(p),slc1a5,"cancer(breast cancer)(carcinoma), cancer(prostate cancer)(carcinoma), cancer(melanoma)(melanoma), cancer(colorectal cancer)(carcinoma), cancer(pancreatic cancer)(carcinoma), cancer(tongue cancer)(carcinoma), cancer(lung cancer)(carcinoma),cancer(endometrial cancer)(carcinoma), cancer(oral squamous cells)(carcinoma)",,progression,,"poor survival,glutamin transport, tumor growth",,,,human,,high,citation,"[5,6,8]",human,asct2(p),asct2(p),slc1a5,cancer(head and neck squamous cell carcinoma)(carcinoma),,connected,,,,,,human,,high,citation,[5],ai,309,319,,,,,,
pmc7221297,1.0,asct2(p),asct2(p),slc1a5,"cancer(breast cancer)(carcinoma), cancer(prostate cancer)(carcinoma), cancer(melanoma)(melanoma), cancer(colorectal cancer)(carcinoma), cancer(pancreatic cancer)(carcinoma), cancer(tongue cancer)(carcinoma), cancer(lung cancer)(carcinoma),cancer(endometrial cancer)(carcinoma), cancer(oral squamous cells)(carcinoma)",,progression,,"poor survival,glutamin transport, tumor growth",,,,human,,high,citation,"[5,6,8]",human,asct2(p),asct2(p),slc1a5,cancer(oral squamous cells carcinoma)(carcinoma),,connected,,,,,,human,,high,citation,[5],ai,309,320,,,,,,
pmc7221297,1.0,asct2(p),asct2(p),slc1a5,"cancer(breast cancer)(carcinoma), cancer(prostate cancer)(carcinoma), cancer(melanoma)(melanoma), cancer(colorectal cancer)(carcinoma), cancer(pancreatic cancer)(carcinoma), cancer(tongue cancer)(carcinoma), cancer(lung cancer)(carcinoma),cancer(endometrial cancer)(carcinoma), cancer(oral squamous cells)(carcinoma)",,progression,,"poor survival,glutamin transport, tumor growth",,,,human,,high,citation,"[5,6,8]",human,asct2(p),asct2(p),slc1a5,cancer(oral squamous cells carcinoma)(carcinoma),,connected,,,,,,human,,high,citation,[6],ai,309,321,,,,,,
pmc7221297,1.0,asct2(p),asct2(p),slc1a5,"cancer(breast cancer)(carcinoma), cancer(prostate cancer)(carcinoma), cancer(melanoma)(melanoma), cancer(colorectal cancer)(carcinoma), cancer(pancreatic cancer)(carcinoma), cancer(tongue cancer)(carcinoma), cancer(lung cancer)(carcinoma),cancer(endometrial cancer)(carcinoma), cancer(oral squamous cells)(carcinoma)",,progression,,"poor survival,glutamin transport, tumor growth",,,,human,,high,citation,"[5,6,8]",human,asct2(p),asct2(p),slc1a5,cancer(oral squamous cells carcinoma)(carcinoma),,connected,,,,,,human,,high,citation,[7],ai,309,323,,,,,,
pmc7221297,7.0,asct2(p),asct2(p),slc1a5,cancer(oral squamous cells)(carcinoma),,connected,,"overexpression, membrane,glutamine transport",,,patient,human,oral squamous cells,high,direct,"[71,73,74,80]",human,asct2(p),asct2(p),slc1a5,cancer(oral squamous cell carcinoma)(carcinoma),,connected,,glutamine metabolism,,,,human,,high,citation,"[71,73,74,77,78,79,80,82,83,86]",ai,325,325,,,,,,
pmc7221297,7.0,gls(p),gls(p),gls,cancer(oral squamous cells)(carcinoma),,connected,,"overexpression,glutamine transport",,,patient,human,oral squamous cells,high,direct,"[71,74,80]",human,gls(p),gls(p),gls,cancer(oral squamous cell carcinoma)(carcinoma),,connected,,glutamine metabolism,,,,human,,high,citation,"[71,74,77,78,79,80,82,83,86]",ai,326,326,,,,,,
pmc7221297,7.0,ki67(p),ki67(p),mki67,cancer(oral squamous cells)(carcinoma),,connected,,overexpression,,,patient,human,oral squamous cells,high,direct,"[71,74,80]",human,ki‐67(p),ki‐67(p),mki67,cancer(oral squamous cell carcinoma)(carcinoma),,connected,,glutamine metabolism,,,,human,,high,citation,"[71,74,77,78,79,80,82,83]",ai,327,327,,,,,,
pmc7221297,8.0,asct2(p),asct2(p),slc1a5,cancer(oral squamous cells)(carcinoma),,connected,,"poor outcomes,",,,patient,human,oral squamous cells,high,direct,"[92,100]",human,asct2(p),asct2(p),slc1a5,cancer(oral squamous cell carcinoma)(carcinoma),,progression,,"tumor development, poor prognosis",,prognostic biomarker,,human,,high,citation,"[90,92,94,96,97,99,100]",ai,329,329,yes,,,,,
pmc7221297,8.0,asct2(p),asct2(p),slc1a5,cancer(oral squamous cells)(carcinoma),,connected,,"poor outcomes,",,,patient,human,oral squamous cells,high,direct,"[92,100]",human,,,,,,,,,,,,,,,,,,329,33,yes,,,,,
pmc7221297,9.0,asct2(p),asct2(p),slc1a5,cancer(oral squamous cells)(carcinoma),,connected,,glutamin transport,,,"um1,
hsc4, scc15, hsc6, cal33, and hsc3",human,oral squamous cells,high,"direct, citation","[106,107,109,111,113,117]",human,asct2(g),asct2(g),slc1a5,cancer(oral squamous cell carcinoma)(carcinoma),glutamine deprivation,progression,inhibitor,"glutamine addiction, cell growth",growth inhibition,glutamine transporter,"um1, scc15, hsc4, hsc6, cal33, hsc3",,,high,direct,"[105,106,107,108,109,110,111,112,113,114,115,116,117]",ai,332,332,yes,,,,,
pmc7221297,9.0,asct2(p),asct2(p),slc1a5,cancer(oral squamous cells)(carcinoma),,connected,,glutamin transport,,,"um1,
hsc4, scc15, hsc6, cal33, and hsc3",human,oral squamous cells,high,"direct, citation","[106,107,109,111,113,117]",human,asct2(g),asct2(g),slc1a5,cancer(oral squamous cell carcinoma)(carcinoma),asct2 knockdown,progression,inhibitor,cell proliferation,"growth inhibition, apoptosis",glutamine transporter,"scc15, um1",,,high,direct,"[118,119,120,121,122,123,124,125,126,127,128,129,130,131,132,133,134,135,136,137,138,139,140,141]",ai,332,333,yes,,,,,
pmc7221297,9.0,asct2(p),asct2(p),slc1a5,cancer(oral squamous cells)(carcinoma),,connected,,glutamin transport,,,"um1,
hsc4, scc15, hsc6, cal33, and hsc3",human,oral squamous cells,high,"direct, citation","[106,107,109,111,113,117]",human,asct2(g),asct2(g),slc1a5,cancer(oral squamous cell carcinoma)(carcinoma),nac,progression,inhibitor,apoptosis,apoptosis inhibition,glutamine transporter,"scc15, um1",,,high,direct,"[131,132,133,134,135,136,137,138,139,140,141]",ai,332,334,yes,,,,,
pmc7221297,9.0,asct2(p),asct2(p),slc1a5,cancer(oral squamous cells)(carcinoma),,connected,,glutamin transport,,,"um1,
hsc4, scc15, hsc6, cal33, and hsc3",human,oral squamous cells,high,"direct, citation","[106,107,109,111,113,117]",human,asct2(g),asct2(g),slc1a5,cancer(oral squamous cell carcinoma)(carcinoma),,progression,,tumor growth,,glutamine transporter,scc15-luc,mouse,,high,direct,"[142,143,144,145,146,147,148,149]",ai,332,335,yes,,,,,
pmc7221297,9.0,asct2(p),asct2(p),slc1a5,cancer(oral squamous cells)(carcinoma),knockout,progression,inhibitor,"proliferation,glutamin transport","reduced proliferation, apoptosis, ros",,"um1, scc15",human,oral squamous cells,high,direct,"[118,120,121,123,136]",human,asct2(g),asct2(g),slc1a5,cancer(oral squamous cell carcinoma)(carcinoma),glutamine deprivation,progression,inhibitor,"glutamine addiction, cell growth",growth inhibition,glutamine transporter,"um1, scc15, hsc4, hsc6, cal33, hsc3",,,high,direct,"[105,106,107,108,109,110,111,112,113,114,115,116,117]",ai,333,332,yes,,,,,
pmc7221297,9.0,asct2(p),asct2(p),slc1a5,cancer(oral squamous cells)(carcinoma),knockout,progression,inhibitor,"proliferation,glutamin transport","reduced proliferation, apoptosis, ros",,"um1, scc15",human,oral squamous cells,high,direct,"[118,120,121,123,136]",human,asct2(g),asct2(g),slc1a5,cancer(oral squamous cell carcinoma)(carcinoma),asct2 knockdown,progression,inhibitor,cell proliferation,"growth inhibition, apoptosis",glutamine transporter,"scc15, um1",,,high,direct,"[118,119,120,121,122,123,124,125,126,127,128,129,130,131,132,133,134,135,136,137,138,139,140,141]",ai,333,333,yes,,,,,
pmc7221297,9.0,asct2(p),asct2(p),slc1a5,cancer(oral squamous cells)(carcinoma),knockout,progression,inhibitor,"proliferation,glutamin transport","reduced proliferation, apoptosis, ros",,"um1, scc15",human,oral squamous cells,high,direct,"[118,120,121,123,136]",human,asct2(g),asct2(g),slc1a5,cancer(oral squamous cell carcinoma)(carcinoma),nac,progression,inhibitor,apoptosis,apoptosis inhibition,glutamine transporter,"scc15, um1",,,high,direct,"[131,132,133,134,135,136,137,138,139,140,141]",ai,333,334,yes,,,,,
pmc7221297,9.0,asct2(p),asct2(p),slc1a5,cancer(oral squamous cells)(carcinoma),knockout,progression,inhibitor,"proliferation,glutamin transport","reduced proliferation, apoptosis, ros",,"um1, scc15",human,oral squamous cells,high,direct,"[118,120,121,123,136]",human,asct2(g),asct2(g),slc1a5,cancer(oral squamous cell carcinoma)(carcinoma),,progression,,tumor growth,,glutamine transporter,scc15-luc,mouse,,high,direct,"[142,143,144,145,146,147,148,149]",ai,333,335,yes,,,,,
pmc7221297,9.0,asct2(p),asct2(p),slc1a5,cancer(oral squamous cells)(carcinoma),knockout,progression,inhibitor,"proliferation,glutamin transport",reduced tumor size,xenografts,"um1, scc15",mouse,oral squamous cells,high,direct,"[142,146,147]",human,asct2(g),asct2(g),slc1a5,cancer(oral squamous cell carcinoma)(carcinoma),glutamine deprivation,progression,inhibitor,"glutamine addiction, cell growth",growth inhibition,glutamine transporter,"um1, scc15, hsc4, hsc6, cal33, hsc3",,,high,direct,"[105,106,107,108,109,110,111,112,113,114,115,116,117]",ai,334,332,yes,,,,,
pmc7221297,9.0,asct2(p),asct2(p),slc1a5,cancer(oral squamous cells)(carcinoma),knockout,progression,inhibitor,"proliferation,glutamin transport",reduced tumor size,xenografts,"um1, scc15",mouse,oral squamous cells,high,direct,"[142,146,147]",human,asct2(g),asct2(g),slc1a5,cancer(oral squamous cell carcinoma)(carcinoma),asct2 knockdown,progression,inhibitor,cell proliferation,"growth inhibition, apoptosis",glutamine transporter,"scc15, um1",,,high,direct,"[118,119,120,121,122,123,124,125,126,127,128,129,130,131,132,133,134,135,136,137,138,139,140,141]",ai,334,333,yes,,,,,
pmc7221297,9.0,asct2(p),asct2(p),slc1a5,cancer(oral squamous cells)(carcinoma),knockout,progression,inhibitor,"proliferation,glutamin transport",reduced tumor size,xenografts,"um1, scc15",mouse,oral squamous cells,high,direct,"[142,146,147]",human,asct2(g),asct2(g),slc1a5,cancer(oral squamous cell carcinoma)(carcinoma),nac,progression,inhibitor,apoptosis,apoptosis inhibition,glutamine transporter,"scc15, um1",,,high,direct,"[131,132,133,134,135,136,137,138,139,140,141]",ai,334,334,yes,,,,,
pmc7221297,9.0,asct2(p),asct2(p),slc1a5,cancer(oral squamous cells)(carcinoma),knockout,progression,inhibitor,"proliferation,glutamin transport",reduced tumor size,xenografts,"um1, scc15",mouse,oral squamous cells,high,direct,"[142,146,147]",human,asct2(g),asct2(g),slc1a5,cancer(oral squamous cell carcinoma)(carcinoma),,progression,,tumor growth,,glutamine transporter,scc15-luc,mouse,,high,direct,"[142,143,144,145,146,147,148,149]",ai,334,335,yes,,,,,
pmc7221297,10.0,asct2(p),asct2(p),slc1a5,cancer(oral squamous cells)(carcinoma),knockout,progression,inhibitor,"proliferation,glutamin transport, glutamin addiction","reduced tumor size, apoptosis, ros",xenografts,,mouse,oral squamous cells,high,direct,"[155,156,157,160,163,169,170,175,176,180,182]",human,asct2(p),asct2(p),slc1a5,cancer(oscc)(carcinoma),asct2 knock-down,,connected,"prognostic factor, tumor growth, glutamine metabolism","apoptosis, ros accumulation",intrinsic requirement,oscc cell lines,human,oscc lesions,high,direct,"[151,152,154,157,160,161,162,164,166,167,169,170,172,173,174,175,176,177,178,179,180,181,182,183,185]",ai,338,338,yes,yes,,target,,
pmc7221297,10.0,gls,gls,gls,cancer(oral squamous cells)(carcinoma),,connected,,"overexpression, marker, glutamine transport",,,patient,human,oral squamous cells,medium,direct,"[164,165,166,168]",human,gls(p),gls(p),gls,cancer(oscc)(carcinoma),,connected,,"glutamine metabolism, cancer cell proliferation",,positive correlation with asct2,oscc cell lines,human,oscc lesions,medium,direct,"[156,164,165,166,168]",ai,341,339,,,,,,
pmc7221297,10.0,asct2(p),asct2(p),slc1a5,cancer(oral squamous cells)(carcinoma),,connected,,"overexpression, marker, glutamine transport",,,patient,human,oral squamous cells,high,direct,"[164,165,166,168]",human,asct2(p),asct2(p),slc1a5,cancer(oscc)(carcinoma),asct2 knock-down,,connected,"prognostic factor, tumor growth, glutamine metabolism","apoptosis, ros accumulation",intrinsic requirement,oscc cell lines,human,oscc lesions,high,direct,"[151,152,154,157,160,161,162,164,166,167,169,170,172,173,174,175,176,177,178,179,180,181,182,183,185]",ai,342,338,,yes,,target,,
pmc7221297,10.0,asct2(p),asct2(p),slc1a5,cancer(oral squamous cells)(carcinoma),knockout,progression,inhibitor,"proliferation,glutamin transport, glutamin addiction","reduced tumor size, apoptosis, ros",,oscc cells,human,oral squamous cells,high,direct,"[169,170,175,176,180]",human,asct2(p),asct2(p),slc1a5,cancer(oscc)(carcinoma),asct2 knock-down,,connected,"prognostic factor, tumor growth, glutamine metabolism","apoptosis, ros accumulation",intrinsic requirement,oscc cell lines,human,oscc lesions,high,direct,"[151,152,154,157,160,161,162,164,166,167,169,170,172,173,174,175,176,177,178,179,180,181,182,183,185]",ai,343,338,yes,yes,,target,,
pmc7247691,3.0,mir-21,mir-21,mir21,cancer(multiple myeloma)(myeloma),,connected,,overexpression,,mir,patient,human,,high,citation,"[43,44,47]",human,mir-21,mir-21,mir21,cancer(multiple myeloma)(myeloma),,connected,,overexpression,,mir,patient,human,,high,citation,"[43,44,47]",ai,357,357,,,,,,
pmc7247691,3.0,mir-106b∼25(clu),mir-106b∼25(clu),mir106b-mir25(clu),cancer(multiple myeloma)(myeloma),,connected,,overexpression,,mir,patient,human,,high,citation,"[43,44]",human,mir-106b∼25(clu),mir-106b∼25(clu),mir106b-25(clu),cancer(multiple myeloma)(myeloma),,connected,,overexpression,,mir,patient,human,,high,citation,"[43,44]",ai,358,358,,,,,,
pmc7247691,3.0,mir-181a,mir-181a,mir181a1,cancer(multiple myeloma)(myeloma),,connected,,overexpression,,mir,patient,human,,high,citation,"[43,44]",human,mir-181a,mir-181a,mir181a,cancer(multiple myeloma)(myeloma),,connected,,overexpression,,mir,patient,human,,high,citation,"[43,44]",ai,359,359,,,,,,
pmc7247691,3.0,mir-181b,mir-181b,mir181b1,cancer(multiple myeloma)(myeloma),,connected,,overexpression,,mir,patient,human,,high,citation,"[43,44]",human,mir-181b,mir-181b,mir181b,cancer(multiple myeloma)(myeloma),,connected,,overexpression,,mir,patient,human,,high,citation,"[43,44]",ai,360,360,,,,,,
pmc7247691,3.0,mir-32,mir-32,mir32,cancer(multiple myeloma)(myeloma),,connected,,overexpression,,mir,patient,human,,high,citation,"[43,45]",human,mir-32,mir-32,mir32,cancer(multiple myeloma)(myeloma),,connected,,overexpression,,mir,patient,human,,high,citation,"[43,45]",ai,361,361,,,,,,
pmc7247691,3.0,mir-17∼92(clu),mir-17∼92(clu),mir17hg(clu),cancer(multiple myeloma)(myeloma),,connected,,overexpression,,mir,patient,human,,high,citation,"[43,45]",human,mir-17∼92(clu),mir-17∼92(clu),mir17-92(clu),cancer(multiple myeloma)(myeloma),,connected,,overexpression,,mir,patient,human,,high,citation,"[43,45]",ai,362,362,,,,,,
pmc7247691,3.0,mir-15a(clu),mir-15a(clu),mir15a,cancer(multiple myeloma)(myeloma),,connected,,altered expression,,mir,,,,high,citation,[47],human,mir-15a(clu),mir-15a(clu),mir15a,cancer(multiple myeloma)(myeloma),,connected,,altered expression,,mir,,,,high,citation,[47],ai,363,363,,,,,,
pmc7247691,3.0,mir-16-1(clu),mir-16-1(clu),mir16-1,cancer(multiple myeloma)(myeloma),,connected,,altered expression,,mir,,,,high,citation,[47],human,mir-16-1(clu),mir-16-1(clu),mir16-1,cancer(multiple myeloma)(myeloma),,connected,,altered expression,,mir,,,,high,citation,[47],ai,364,364,,,,,,
pmc7247691,3.0,mir-34(fam),mir-34(fam),mir34(fam),cancer(multiple myeloma)(myeloma),,connected,,altered expression,,mir,,,,high,citation,[47],human,mir-34(fam),mir-34(fam),mir34(fam),cancer(multiple myeloma)(myeloma),,connected,,altered expression,,mir,,,,high,citation,[47],ai,365,365,,,,,,
pmc7247691,3.0,pi3k,pi3k,pik3ca,cancer(multiple myeloma)(myeloma),,connected,,"proliferation,apoptosis resistance,angiogenesis",,mir,,,,high,citation,"[48,49]",human,pi3k,pi3k,pik3ca,cancer(multiple myeloma)(myeloma),,connected,,"proliferation,apoptosis resistance,angiogenesis",,mir,,,,high,citation,"[48,49]",ai,366,366,,,,,,
pmc7247691,3.0,mapk(fam),mapk(fam),mapk(fam),cancer(multiple myeloma)(myeloma),,connected,,"proliferation,apoptosis resistance,angiogenesis",,mir,,,,high,citation,"[48,49]",human,mapk(fam),mapk(fam),mapk(fam),cancer(multiple myeloma)(myeloma),,connected,,"proliferation,apoptosis resistance,angiogenesis",,mir,,,,high,citation,"[48,49]",ai,367,367,,,,,,
pmc7247691,3.0,p53,p53,tp53,cancer(multiple myeloma)(myeloma),,connected,,"proliferation,apoptosis resistance,angiogenesis",,mir,,,,high,citation,"[48,49]",human,p53,p53,tp53,cancer(multiple myeloma)(myeloma),,connected,,"proliferation,apoptosis resistance,angiogenesis",,mir,,,,high,citation,"[48,49]",ai,368,368,,,,,,
pmc7247691,3.0,bcl-2,bcl-2,bcl2,cancer(multiple myeloma)(myeloma),,connected,,"proliferation,apoptosis resistance,angiogenesis",,mir,,,,high,citation,"[48,49]",human,bcl-2,bcl-2,bcl2,cancer(multiple myeloma)(myeloma),,connected,,"proliferation,apoptosis resistance,angiogenesis",,mir,,,,high,citation,"[48,49]",ai,369,369,,,,,,
pmc7247691,3.0,cyclin d1,cyclin d1,ccnd1,cancer(multiple myeloma)(myeloma),,connected,,"proliferation,apoptosis resistance,angiogenesis",,mir,,,,high,citation,"[48,49]",human,cyclin d1,cyclin d1,ccnd1,cancer(multiple myeloma)(myeloma),,connected,,"proliferation,apoptosis resistance,angiogenesis",,mir,,,,high,citation,"[48,49]",ai,370,370,,,,,,
pmc7247691,3.0,notch,notch,notch(fam),cancer(multiple myeloma)(myeloma),,connected,,"proliferation,apoptosis resistance,angiogenesis",,mir,,,,high,citation,"[48,49]",human,notch,notch,notch(fam),cancer(multiple myeloma)(myeloma),,connected,,"proliferation,apoptosis resistance,angiogenesis",,mir,,,,high,citation,"[48,49]",ai,371,371,,,,,,
pmc7247691,3.0,vegf,vegf,vegfa,cancer(multiple myeloma)(myeloma),,connected,,"proliferation,apoptosis resistance,angiogenesis",,mir,,,,high,citation,"[48,49]",human,vegf,vegf,vegf(fam),cancer(multiple myeloma)(myeloma),,connected,,"proliferation,apoptosis resistance,angiogenesis",,mir,,,,high,citation,"[48,49]",ai,372,372,,,,,,
pmc7247691,3.0,il-6r,il-6r,il6r,cancer(multiple myeloma)(myeloma),,connected,,"proliferation,apoptosis resistance,angiogenesis",,mir,,,,high,citation,"[48,49]",human,il-6r,il-6r,il6r,cancer(multiple myeloma)(myeloma),,connected,,"proliferation,apoptosis resistance,angiogenesis",,mir,,,,high,citation,"[48,49]",ai,373,373,,,,,,
pmc7247691,3.0,stat-3,stat-3,stat3,cancer(multiple myeloma)(myeloma),,connected,,"proliferation,apoptosis resistance,angiogenesis",,mir,,,,high,citation,"[48,49]",human,stat-3,stat-3,stat3,cancer(multiple myeloma)(myeloma),,connected,,"proliferation,apoptosis resistance,angiogenesis",,mir,,,,high,citation,"[48,49]",ai,374,374,,,,,,
pmc7247691,3.0,mir-29b,mir-29b,mir29b1,cancer(multiple myeloma)(myeloma),,connected,,"tumor supressor,apoptosis, proliferation, migration, epigenetic modifications",,mir,,,,medium,citation,"[50,52]",human,mir-29b,mir-29b,mir29b,cancer(multiple myeloma)(myeloma),,connected,,"tumor supressor,apoptosis, proliferation, migration, epigenetic modifications",,mir,,,,medium,citation,"[50,52]",ai,375,375,,,,,,
pmc7247691,4.0,fbxw7,fbxw7,fbxw7,cancer(multiple myeloma)(myeloma),,progression,,"overexpression, proliferation, apoptosis resistance",,mir,,,,high,citation,[63],human,fbxw7,fbxw7,fbxw7,cancer(multiple myeloma)(myeloma),,connected,,"cell proliferation, apoptosis resistance",,mir,,,,high,citation,[63],ai,377,379,,,,,,
pmc7247691,4.0,pten,pten,pten,cancer(multiple myeloma)(myeloma),,progression,,"overexpression, proliferation, apoptosis resistance",,mir,,,,high,citation,[63],human,pten,pten,pten,cancer(multiple myeloma)(myeloma),,connected,,"cell proliferation, apoptosis resistance",,mir,,,,high,citation,[63],ai,378,380,,,,,,
pmc7247691,4.0,akt,akt,akt(fam),cancer(multiple myeloma)(myeloma),,progression,,"overexpression, proliferation, apoptosis resistance",,mir,,,,high,citation,[63],human,akt,akt,akt(fam),cancer(multiple myeloma)(myeloma),,connected,,"cell proliferation, apoptosis resistance",,mir,,,,high,citation,[63],ai,379,381,,,,,,
pmc7247691,4.0,gsk3,gsk3,gsk3(fam),cancer(multiple myeloma)(myeloma),,progression,,"overexpression, proliferation, apoptosis resistance",,mir,,,,high,citation,[63],human,gsk3,gsk3,gsk3(fam),cancer(multiple myeloma)(myeloma),,connected,,"cell proliferation, apoptosis resistance",,mir,,,,high,citation,[63],ai,380,382,,,,,,
pmc7247691,4.0,mir-27b-3p,mir-27b-3p,mir27b,cancer(multiple myeloma)(myeloma),,progression,,"overexpression, proliferation, apoptosis resistance",,mir,,,,high,citation,[63],human,mir-27b-3p,mir-27b-3p,mir27b,cancer(multiple myeloma)(myeloma),,connected,,"cell proliferation, apoptosis resistance",,mir,,,,high,citation,[63],ai,381,377,,,,,,
pmc7247691,4.0,mir-214-3p,mir-214-3p,mir214,cancer(multiple myeloma)(myeloma),,progression,,"overexpression, proliferation, apoptosis resistance",,mir,,,,high,citation,[63],human,mir-214-3p,mir-214-3p,mir214,cancer(multiple myeloma)(myeloma),,connected,,"cell proliferation, apoptosis resistance",,mir,,,,high,citation,[63],ai,382,378,,,,,,
pmc7247691,4.0,mir-29b,mir-29b,mir29b1,cancer(multiple myeloma)(myeloma),,suppression,,"supression,inflamation,immune suppresion",,mir,,,,high,citation,"[64,65]",human,mir-29b,mir-29b,mir29b,cancer(multiple myeloma)(myeloma),,connected,,"osteoclast differentiation, bone resorption, immune suppressive bmme",,mir,,,,high,citation,"[64,65,66]",ai,383,383,,,,,,
pmc7247691,4.0,rank,rank,tnfrsf11a,cancer(multiple myeloma)(myeloma),,connected,,"activation,inflamation, cell survival",,mir,,,,high,citation,"[68,69]",human,rank,rank,tnfrsf11a,cancer(multiple myeloma)(myeloma),,connected,,bone resorption,,mir,,,,high,citation,[65],ai,384,384,,,,,,
pmc7247691,4.0,nfkb,nfkb,nfkb(fam),cancer(multiple myeloma)(myeloma),,connected,,"activation,inflamation, cell survival",,mir,,,,high,citation,"[68,69]",human,nfkb,nfkb,nfkb(fam),cancer(multiple myeloma)(myeloma),,connected,,"pro-inflammatory cytokine release, pro-survival pathways",,mir,,,,high,citation,[68],ai,385,385,,,,,,
pmc7247691,4.0,stat3,stat3,stat3,cancer(multiple myeloma)(myeloma),,connected,,"activation,inflamation, cell survival",,mir,,,,high,citation,"[68,69]",human,stat3,stat3,stat3,cancer(multiple myeloma)(myeloma),,connected,,"pro-inflammatory cytokine release, pro-survival pathways",,mir,,,,high,citation,[68],ai,386,386,,,,,,
pmc7247691,4.0,mapk,mapk,mapk(fam),cancer(multiple myeloma)(myeloma),,connected,,"activation,inflamation, cell survival",,mir,,,,high,citation,"[68,69]",human,mitogen-activated protein kinase,mitogen-activated protein kinase,mapk(fam),cancer(multiple myeloma)(myeloma),,connected,,"pro-inflammatory cytokine release, pro-survival pathways",,mir,,,,high,citation,[68],ai,387,387,,,,,,
pmc7247691,4.0,jun,jun,jun,cancer(multiple myeloma)(myeloma),,connected,,"activation,inflamation, cell survival",,mir,,,,high,citation,"[68,69]",human,jun,jun,jun,cancer(multiple myeloma)(myeloma),,connected,,"pro-inflammatory cytokine release, pro-survival pathways",,mir,,,,high,citation,[68],ai,388,388,,,,,,
pmc7247691,5.0,mir-10a,mir-10a,mir10a,cancer(multiple myeloma)(myeloma),,progression,,cell proliferation,,mir,,,,high,citation,"[71,72,73]",human,mir-10a,mir-10a,mir10a,cancer(multiple myeloma)(myeloma),,connected,,proliferation,,mir,,,,high,citation,[72],ai,390,390,,,,,,
pmc7247691,6.0,mir-15a,mir-15a,mir15a,cancer(multiple myeloma)(myeloma),,suppression,,downregulation,,mir,,,,high,citation,[77],human,mir-15a,mir-15a,mir15a,cancer(multiple myeloma)(myeloma),,suppression,,"tumor suppressor, cell growth",,exosome,bm mesenchymal scs,human,bone marrow,high,citation,[77],ai,392,392,,,,,,
pmc7247691,7.0,mir-133b,mir-133b,mir133b,cancer(lung cancer)(carcinoma),dotma-oa,suppression,connected,"inhibits cell proliferation, pro-apoptotic",,mir,,,,high,citation,[103],human,mir-133b,mir-133b,mir133b,cancer(lung cancer)(carcinoma),dotma,connected,connected,"inhibitory effect on cell proliferation, pro-apoptotic activity",,mir,,,,high,citation,[103],ai,396,396,,,transport,target,,
pmc7247691,7.0,mir-29b,mir-29b,mir29b1,cancer(lung cancer)(carcinoma),dotma-oa,suppression,connected,"inhibits cell proliferation, pro-apoptotic",,mir,,,,high,citation,[103],human,mir-29b,mir-29b,mir29b,cancer(lung cancer)(carcinoma),dotma,connected,connected,"inhibitory effect on cell proliferation, pro-apoptotic activity",,mir,,,,high,citation,[103],ai,397,397,,,transport,target,,
pmc7247691,7.0,mir-122,mir-122,mir122,cancer(hepatocellular carcinoma)(carcinoma),dotma-oa,connected,connected,,,mir,,,,medium,citation,[104],human,mir-122,mir-122,mir122,cancer(hepatocellular carcinoma)(carcinoma),dotma-oa,connected,connected,,,mir,,,,high,citation,[104],ai,398,398,,,transport,target,,
pmc7247691,7.0,mir-34a,mir-34a,mir34a,cancer()(melanoma),ddab,suppression,,inhibits tumor growth,,mir,b16f10-cd44+,mouse,,high,citation,[105],human,mir-34a,mir-34a,mir34a,cancer(multiple myeloma)(myeloma),,connected,,overexpression,,mir,,,,high,citation,[106],ai,399,400,,,,,,
pmc7247691,7.0,mir-34a(mut),mir-34a(mut),mir34a,cancer(prostate cancer)(carcinoma),,connected,,overexpressed,,mir,,,,high,citation,[106],human,mir-34a,mir-34a,mir34a,cancer(prostate cancer)(carcinoma),,connected,,overexpression,,mir,,,,high,citation,[106],ai,400,401,,,,,,
pmc7247691,7.0,mir-34a(mut),mir-34a(mut),mir34a,cancer(kidney carcinoma)(carcinoma),,connected,,overexpressed,,mir,,,,high,citation,[106],human,mir-34a,mir-34a,mir34a,cancer(kidney carcinoma)(carcinoma),,connected,,overexpression,,mir,,,,high,citation,[106],ai,401,402,,,,,,
pmc7247691,7.0,mir-34a(mut),mir-34a(mut),mir34a,cancer(glioblastoma)(glioma),,connected,,overexpressed,,mir,,,,high,citation,[106],human,mir-34a,mir-34a,mir34a,cancer(glioblastoma)(carcinoma),,connected,,overexpression,,mir,,,,high,citation,[106],ai,402,403,,,,,,
pmc7247691,7.0,mir-34a(mut),mir-34a(mut),mir34a,cancer(hepatocellular carcinoma)(carcinoma),,connected,,overexpressed,,mir,,,,high,citation,[106],human,mir-34a,mir-34a,mir34a,cancer(hepatocellular carcinoma)(carcinoma),,connected,,overexpression,,mir,,,,high,citation,[106],ai,403,404,,,,,,
pmc7247691,7.0,mir-34a(mut),mir-34a(mut),mir34a,cancer(multiple myeloma)(myeloma),,connected,,"inhibits osteoclastogenesis,inhibits bone resorption, inhibits tumor growth",,mir,,,,high,citation,"[106,107,111]",human,mir-34a,mir-34a,mir34a,cancer(multiple myeloma)(myeloma),,connected,,overexpression,,mir,,,,high,citation,[106],ai,404,400,,,,,,
pmc7247691,7.0,mir-34a(mut),mir-34a(mut),mir34a,cancer(multiple myeloma)(myeloma),,connected,,"inhibits osteoclastogenesis,inhibits bone resorption, inhibits tumor growth",,mir,,,,high,citation,"[106,107,111]",human,mir-34a,mir-34a,mir34a,cancer(multiple myeloma)(myeloma),snalps,connected,connected,,"inactivation of erk-2 and akt, activation of caspase-6 and -3, apoptosis induction",mir,,,,high,citation,[110],ai,404,407,,,,target,,
pmc7247691,7.0,mir-34a(mut),mir-34a(mut),mir34a,cancer(multiple myeloma)(myeloma),,connected,,"inhibits osteoclastogenesis,inhibits bone resorption, inhibits tumor growth",,mir,,,,high,citation,"[106,107,111]",human,mir-34a,mir-34a,mir34a,cancer(multiple myeloma)(myeloma),snalps,progression,connected,tumor growth,tumor growth inhibition,mir,,mouse,,high,citation,[111],ai,404,411,,,,target,,
pmc7247691,7.0,mir-34a(mut),mir-34a(mut),mir34a,cancer(multiple myeloma)(myeloma),,connected,,"inhibits osteoclastogenesis,inhibits bone resorption, inhibits tumor growth",,mir,,,,high,citation,"[106,107,111]",human,mir-34a,mir-34a,mir34a,tumor,snalps,progression,connected,tumor growth,tumor growth inhibition,mir,,mouse,,high,citation,[111],ai,404,412,,,,target,,
pmc7247691,7.0,caspase3,caspase3,casp3,cancer(multiple myeloma)(myeloma),,connected,,apoptosis induction,,mir,,,,high,citation,[110],human,caspase-6 and -3,caspase-6 and -3,casp6/casp3,cancer(multiple myeloma)(myeloma),snalps,connected,connected,,"inactivation of erk-2 and akt, activation of caspase-6 and -3, apoptosis induction",,,,,high,citation,[110],ai,406,410,,,,target,,
pmc7247691,7.0,caspase6,caspase6,casp6,cancer(multiple myeloma)(myeloma),,connected,,apoptosis induction,,mir,,,,high,citation,[110],human,caspase-6 and -3,caspase-6 and -3,casp6/casp3,cancer(multiple myeloma)(myeloma),snalps,connected,connected,,"inactivation of erk-2 and akt, activation of caspase-6 and -3, apoptosis induction",,,,,high,citation,[110],ai,407,410,,,,target,,
pmc7247691,8.0,mirr-34a,mirr-34a,mir34a,cancer(prostate cancer)(carcinoma),pei,suppression,connected,,"inhibit proliferation,inhibit migration migration",mir,,,,high,citation,[124],human,mir-34a,mir-34a,mir34a,cancer(prostate cancer)(carcinoma),pei,progression,connected,"proliferation, migration",inhibition,conjugation,prostate tumor,human,prostate,high,direct,[124],ai,414,414,,,transport,target,,
pmc7247691,8.0,mir-145,mir-145,mir145,cancer(colon cancer)(carcinoma),pei,suppression,connected,,inhibit tumor growth,mir,,,,high,citation,[124],human,mir-145,mir-145,mir145,cancer(colon cancer)(carcinoma),pei,progression,connected,growth,inhibition,conjugation,colon tumor,human,colon,high,direct,[124],ai,415,417,,,transport,target,,
pmc7247691,8.0,mir-33a,mir-33a,mir33a,cancer(colon cancer)(carcinoma),pei,suppression,connected,,inhibit tumor growth,mir,,,,high,citation,[124],human,mir-33a,mir-33a,mir33a,cancer(colon cancer)(carcinoma),pei,progression,connected,growth,inhibition,conjugation,colon tumor,human,colon,high,direct,[124],ai,416,421,,,transport,target,,
pmc7247691,8.0,mir-145,mir-145,mir145,cancer(hepatocellular carcinoma)(carcinoma),pei,suppression,connected,,"promote apoptosis, inhibit invasion",mir,,,,high,citation,[124],human,mir-145,mir-145,mir145,cancer(liver cancer)(carcinoma),pei,progression,connected,"apoptosis, invasion","activation, reduction",conjugation,hcc,human,liver,high,direct,[124],ai,417,418,,,transport,target,,
pmc7247691,8.0,mir-122,mir-122,mir122,cancer(colon cancer)(carcinoma),plga,suppression,connected,,"promote apoptosis, inhibit tumorigenesis",mir,,,,high,citation,"[124,125]",human,mir-122,mir-122,mir122,cancer(colon cancer)(carcinoma),plga,progression,connected,tumorigenesis,inhibition,encapsulation,colon tumor,human,colon,high,direct,[127],ai,418,419,,,transport,target,,
pmc7247691,8.0,mir-155,mir-155,mir155,cancer(acute lymphoblastic leukemia)(leukemia),"plga, mir-155 antisense",progression,inhibitor,,tumor growth,mir,,,,high,citation,"[125,128]",human,mir-155,mir-155,mir155,cancer(pre-b cell tumor)(na),plga,progression,connected,growth,inhibition,encapsulation,tumors,,,high,direct,[128],ai,419,420,,,,target,,
pmc7247691,8.0,mir-34a,mir-34a,mir34a,cancer(multiple myeloma)(myeloma),chitosan-plga,suppression,connected,,inhibits proliferation,mir,"rpmi-8226, skmm1",,,high,citation,"[125,129,130]",human,mir-34a,mir-34a,mir34a,cancer(multiple myeloma)(myeloma),mir-34a mimic-loaded nanoparticles,progression,connected,proliferation,inhibition,injection,"rpmi-8226, skmm1",nod-scid mouse,,high,direct,"[130,131]",ai,420,416,,,transport,target,,
pmc7247691,8.0,mir-34a,mir-34a,mir34a,cancer(multiple myeloma)(myeloma),chitosan-plga,suppression,connected,,"inhibits cell growth, host survival",mir,nod-scid,mouse,,high,citation,"[125,129,131]",human,mir-34a,mir-34a,mir34a,cancer(multiple myeloma)(myeloma),mir-34a mimic-loaded nanoparticles,progression,connected,proliferation,inhibition,injection,"rpmi-8226, skmm1",nod-scid mouse,,high,direct,"[130,131]",ai,421,416,,,transport,target,,
pmc7247691,9.0,mir-16-5p,mir-16-5p,mir16-5,cancer(multiple myeloma)(myeloma),,,,"downregulated,bortezomib resistant",,mir,patient,human,,medium,citation,[142],human,mir-16-5p,mir-16-5p,mir16,cancer(multiple myeloma)(myeloma),bortezomib,,inhibitor,drug resistance,,mir,,human,,high,citation,[142],ai,423,423,yes,yes,,,,
pmc7247691,9.0,mir-15a-5p,mir-15a-5p,mir15a,cancer(multiple myeloma)(myeloma),,,,"downregulated,bortezomib resistant",,mir,patient,human,,medium,citation,[142],human,mir-15a-5p,mir-15a-5p,mir15a,cancer(multiple myeloma)(myeloma),bortezomib,,inhibitor,drug resistance,,mir,,human,,high,citation,[142],ai,424,424,yes,yes,,,,
pmc7247691,9.0,mir-20a-5p,mir-20a-5p,mir20a,cancer(multiple myeloma)(myeloma),,,,"downregulated,bortezomib resistant",,mir,patient,human,,medium,citation,[142],human,mir-20a-5p,mir-20a-5p,mir20a,cancer(multiple myeloma)(myeloma),bortezomib,,inhibitor,drug resistance,,mir,,human,,high,citation,[142],ai,425,425,yes,yes,,,,
pmc7247691,9.0,mir-17-5p,mir-17-5p,mir17,cancer(multiple myeloma)(myeloma),,,,"downregulated,bortezomib resistant",,mir,patient,human,,medium,citation,[142],human,mir-17-5p,mir-17-5p,mir17,cancer(multiple myeloma)(myeloma),bortezomib,,inhibitor,drug resistance,,mir,,human,,high,citation,[142],ai,426,426,yes,yes,,,,
pmc7247691,9.0,let-7b,let-7b,let7b,cancer(multiple myeloma)(myeloma),,,,poor outcome,,"mir,circulating exosomes",patient,human,,medium,citation,[143],human,let-7b,let-7b,mirlet7b,cancer(multiple myeloma)(myeloma),,,,poor outcome,,mir,,human,,high,citation,[143],ai,427,427,yes,yes,,,,
pmc7247691,9.0,mir-18a,mir-18a,mir18a,cancer(multiple myeloma)(myeloma),,suppression,,"poor outcome,inhibition proliferation,inhibition dissemination,inhibition metastasis",,"mir,circulating exosomes, macrophage activation",patient,human,,medium,citation,[143],human,mir-18a,mir-18a,mir18a,cancer(multiple myeloma)(myeloma),,,,poor outcome,,mir,,human,,high,citation,[143],ai,428,428,yes,yes,,,,
pmc7247691,9.0,let-7(fam),let-7(fam),let7(fam),cancer(multiple myeloma)(myeloma),,,,"downregulated, tumor supressor,",,mir,,,,high,citation,[144],human,let-7,let-7,mirlet7(fam),cancer(multiple myeloma)(myeloma),,suppression,,"tumor suppressor, cell proliferation",,mir,lin28b,,,high,citation,[144],ai,429,429,yes,,,,,
pmc7247691,9.0,mir-146b,mir-146b,mir146b,cancer(primary brain cancer)(glioma),overexpression,suppression,,,tumor growth reduction,"mir,exosomes",,rat,brain,high,citation,[151],human,mir-146b,mir-146b,mir146b,cancer(glioma)(na),bmscs-derived exosomes,suppression,,tumor growth inhibition,,mir,,,brain,high,direct,"[148,151]",ai,430,431,,,,,,
pmc7247691,9.0,smad(fam),smad(fam),smad(fam),cancer(na)(glioma),,connected,,"loss, poor outcomes",,,patient,human,na,high,citation,[149],human,smad4,smad4,smad4,cancer(glioma)(na),mir-146b,progression,inhibitor,poor outcome,,protein,9l glioma,,brain,high,direct,[149],ai,431,434,,,,,,
pmc7247691,11.0,mir-155,mir-155,mir155,cancer(na)(lymphoma),mrg-106,connected,inhibitor,"differentiation, proliferation",inhibition proliferation,"blood cells, lymphatic cells",,,,high,citation,"[168,169]",human,mir-155,mir-155,mir155,cancer(lymphoma)(lymphoma),mrg-106,connected,connected,proliferation,proliferation restraint,mir,,human,,high,citation,"[168,169]",ai,445,449,,,,target,,
pmc7247691,11.0,mir-10b,mir-10b,mir10b,cancer(glioblastoma multiforme)(glioma),rgls5579,progression,inhibitor,"proliferation, migration, invasion",,,,,,high,citation,"[172,173]",human,mir-10b,mir-10b,mir10b,cancer(glioblastoma multiforme)(na),rgls5579,connected,connected,"proliferation, migration, invasion",,mir,,,brain,high,citation,"[172,173]",ai,446,452,,,,target,,
pmc7247691,13.0,puma,puma,bbc3,cancer(multiple myeloma)(myeloma),,suppression,,"apoptosis, host survival",,dexamethasone,mm1r mm,mouse,,high,citation,[184],human,puma(p),puma(p),bbc3,cancer(multiple myeloma)(myeloma),mir-221/222 inhibition,suppression,connected,apoptosis,apoptosis,,mm1r,mouse,,high,direct,[184],ai,457,462,,,,target,,
pmc7247691,13.0,mir-221,mir-221,mir221,cancer(multiple myeloma)(myeloma),lna-i-mir-221,progression,inhibitor,drug resistance,apoptosis,"dexamethasone, melphalan",,mouse,,high,citation,"[184,185]",human,mir-221/222(g)(clu),mir-221/222(g)(clu),mir221/mir222(clu),cancer(multiple myeloma)(myeloma),"dexamethasone, melphalan",progression,connected,drug resistance,drug sensitivity,apoptosis,mm1r,mouse,,high,direct,"[184,185]",ai,458,458,,,,target,,
pmc7247691,15.0,mir-21,mir-21,mir21,cancer(multiple myeloma)(myeloma),,progression,,"proliferation, survival, overexpression",,,,,,high,citation,[209],human,mir-21,mir-21,mir21,cancer(multiple myeloma)(myeloma),,connected,,"proliferation, survival",,mir,,,,high,citation,[209],ai,465,465,,,,,,
pmc7247691,15.0,mir-181a/b,mir-181a/b,mir181(fam),cancer(multiple myeloma)(myeloma),,progression,,"cell proliferation, apoptosis,overexpressed",,,,,,high,citation,[209],human,mir-181a,mir-181a,mir181a,cancer(multiple myeloma)(myeloma),,connected,,"proliferation, apoptosis",,mir,,,,high,citation,[209],ai,467,466,,,,,,
pmc7247691,15.0,mir-181a/b,mir-181a/b,mir181(fam),cancer(multiple myeloma)(myeloma),,progression,,"cell proliferation, apoptosis,overexpressed",,,,,,high,citation,[209],human,mir-181b,mir-181b,mir181b,cancer(multiple myeloma)(myeloma),,connected,,"proliferation, apoptosis",,mir,,,,high,citation,[209],ai,467,467,,,,,,
pmc7247691,15.0,mir-15a/16-1(clu),mir-15a/16-1(clu),mir15a-mir16(clu),cancer(multiple myeloma)(myeloma),,suppression,,"proliferation, apoptosis, angiogenesis, downregulated",,,,,,high,citation,[209],human,mir-15a,mir-15a,mir15a,cancer(multiple myeloma)(myeloma),,connected,,"proliferation, apoptosis, angiogenesis",,mir,,,,high,citation,[209],ai,468,468,,,,,,
pmc7247691,15.0,mir-15a/16-1(clu),mir-15a/16-1(clu),mir15a-mir16(clu),cancer(multiple myeloma)(myeloma),,suppression,,"proliferation, apoptosis, angiogenesis, downregulated",,,,,,high,citation,[209],human,mir-16-1,mir-16-1,mir16-1,cancer(multiple myeloma)(myeloma),,connected,,"proliferation, apoptosis, angiogenesis",,mir,,,,high,citation,[209],ai,468,469,,,,,,
pmc7247691,15.0,mir-17-92(clu),mir-17-92(clu),mir17hg(clu),cancer(multiple myeloma)(myeloma),,progression,,"drug resistance, poor prognosis, overexpressed",,,,,,high,citation,[209],human,mir-17,mir-17,mir17,cancer(multiple myeloma)(myeloma),,connected,,"drug resistance, poor prognosis",,mir,,,,high,citation,[209],ai,469,470,,,,,,
pmc7247691,15.0,mir-34(fam),mir-34(fam),mir34(fam),cancer(multiple myeloma)(myeloma),,suppression,,"cell cycle, apoptosis, tumor growth, downregulated",,,,,,high,citation,[209],human,mir-34,mir-34,mir34(fam),cancer(multiple myeloma)(myeloma),,connected,,"cell cycle, apoptosis, tumor growth",,mir,,,,high,citation,[209],ai,470,471,,,,,,
pmc7247691,15.0,mir-29b,mir-29b,mir29b1,cancer(multiple myeloma)(myeloma),,suppression,,"cell proliferation, apoptosis, migration, downregulated",,,,,,high,citation,[209],human,mir-29b,mir-29b,mir29b,cancer(multiple myeloma)(myeloma),,connected,,"proliferation, apoptosis, migration",,mir,,,,high,citation,[209],ai,471,472,,,,,,
pmc7247691,15.0,mir-125a-5p,mir-125a-5p,mir125a,cancer(multiple myeloma)(myeloma),,progression,,"cell growth, apoptosis, migration, overexpressed",,,,,,high,citation,[209],human,mir-125a-5p,mir-125a-5p,mir125a,cancer(multiple myeloma)(myeloma),,connected,,"cell growth, apoptosis, migration",,mir,,,,high,citation,[209],ai,472,473,,,,,,
pmc7247691,15.0,mir-125b-5p,mir-125b-5p,mir125b,cancer(multiple myeloma)(myeloma),,suppression,,"cell growth, apoptosis, autophagy, downregulated",,,,,,high,citation,[209],human,mir-125b-5p,mir-125b-5p,mir125b,cancer(multiple myeloma)(myeloma),,connected,,"cell growth, apoptosis, autophagy",,mir,,,,high,citation,[209],ai,473,474,,,,,,
pmc7247691,15.0,mir-34a,mir-34a,mir34a,cancer (multiple myeloma) (myeloma),chitosan/plga,connected,connected,,,,,,,high,citation,[210],human,mir-34,mir-34,mir34(fam),cancer(multiple myeloma)(myeloma),,connected,,"cell cycle, apoptosis, tumor growth",,mir,,,,high,citation,[209],ai,488,471,,,transport,,,
pmc7247691,15.0,mir-16-5p,mir-16-5p,mir16-5,cancer (multiple myeloma) (myeloma),exosome,connected,connected,,,,,,,high,citation,[210],human,mir-15a,mir-15a,mir15a,cancer(multiple myeloma)(myeloma),,connected,,"proliferation, apoptosis, angiogenesis",,mir,,,,high,citation,[209],ai,489,468,,,transport,,,
pmc7570905,5.0,casp3,casp3,casp3,cancer(colon cancer)(carcinoma),samc,connected,inhibitor,"proliferation, cell cycle progression, apoptosis",growth inhibition,,"sw-480, ht-29",,,low,citation,"[75,76]",human,caspase 3-like(p),caspase 3-like(p),casp3,cancer(colon cancer)(carcinoma),samc,connected,connected,apoptosis,increased caspase 3-like activity,,"sw-480, ht-29",human,colon,high,direct,[76],ai,506,506,,,,target,,
pmc7570905,6.0,bcl-2(g),bcl-2(g),bcl2,cancer(glioma)(glioma),allicin,connected,connected,,apoptosis,,u87mg,human,,high,citation,"[93, 94]",human,bcl-2(g),bcl-2(g),bcl2,cancer(glioma)(na),allicin,connected,connected,apoptosis,,mitochondrial pathway,u87mg,human,brain,high,direct,"[93,94]",ai,508,508,,,,target,,
pmc7570905,6.0,bax(g),bax(g),bax,cancer(glioma)(glioma),allicin,connected,connected,,apoptosis,,u87mg,human,,high,citation,"[93, 94]",human,bax(g),bax(g),bax,cancer(glioma)(na),allicin,connected,connected,apoptosis,,mitochondrial pathway,u87mg,human,brain,high,direct,"[93,94]",ai,509,509,,,,target,,
pmc7570905,6.0,mapk(g)(path),mapk(g)(path),mapk(fam),cancer(glioma)(glioma),allicin,connected,connected,,apoptosis,,u87mg,human,,high,citation,"[93, 94]",human,mapk(g)(fam),mapk(g)(fam),mapk(fam),cancer(glioma)(na),allicin,connected,connected,apoptosis,,signalling pathway,u87mg,human,brain,high,direct,"[93,94]",ai,510,510,,,,target,,
pmc7570905,6.0,erk(g)(path),erk(g)(path),erk(fam),cancer(glioma)(glioma),allicin,connected,connected,,apoptosis,,u87mg,human,,high,citation,"[93, 94]",human,erk(g),erk(g),mapk(erk),cancer(glioma)(na),allicin,connected,connected,apoptosis,,signalling pathway,u87mg,human,brain,high,direct,"[93,94]",ai,511,511,,,,target,,
pmc7570905,6.0,p53(g),p53(g),tp53,cancer(liver cancer)(carcinoma),allicin,connected,activator,,"autophagy,growth inhibition",,hep g2,human,liver,medium,citation,"[95, 96]",human,p53-mediated(g),p53-mediated(g),tp53(path),cancer(hepatocellular carcinoma)(carcinoma),allicin,connected,connected,autophagy,,,hep g2,human,liver,high,direct,[95],ai,512,512,,,,target,,
pmc7570905,6.0,p53(g),p53(g),tp53,cancer(liver cancer)(carcinoma),allicin,connected,activator,,"autophagy,growth inhibition",,hep g2,human,liver,medium,citation,"[95, 96]",human,p53(g),p53(g),tp53,cancer(hepatocellular carcinoma)(carcinoma),allicin,connected,connected,autophagy,,cytoplasmic p53,hep g2,human,liver,high,direct,"[95,96]",ai,512,513,,,,target,,
pmc7570905,6.0,pi3k(g)(path),pi3k(g)(path),pik3ca,cancer(liver cancer)(carcinoma),allicin,connected,connected,,,,hep g2,human,liver,medium,citation,"[95, 96]",human,pi3k(g),pi3k(g),pik3ca,cancer(hepatocellular carcinoma)(carcinoma),allicin,connected,connected,autophagy,,signalling pathway,hep g2,human,liver,high,direct,"[95,96]",ai,513,514,,,,target,,
pmc7570905,6.0,mtor(g)(path),mtor(g)(path),mtor,cancer(liver cancer)(carcinoma),allicin,connected,connected,,,,hep g2,human,liver,medium,citation,"[95, 96]",human,mtor(g),mtor(g),mtor,cancer(hepatocellular carcinoma)(carcinoma),allicin,connected,connected,autophagy,,signalling pathway,hep g2,human,liver,high,direct,"[95,96]",ai,514,515,,,,target,,
pmc7570905,6.0,ampk(g)(path),ampk(g)(path),ampk(fam),cancer(liver cancer)(carcinoma),allicin,connected,activator,,,,hep g2,human,liver,medium,citation,"[95, 96]",human,ampk(g),ampk(g),prkaa1,cancer(hepatocellular carcinoma)(carcinoma),allicin,connected,connected,autophagy,,signalling pathway,hep g2,human,liver,high,direct,"[95,96]",ai,515,517,,,,target,,
pmc7570905,6.0,tsc2(g)(path),tsc2(g)(path),tsc2,cancer(liver cancer)(carcinoma),allicin,connected,activator,,,,hep g2,human,liver,medium,citation,"[95, 96]",human,tsc2(g),tsc2(g),tsc2,cancer(hepatocellular carcinoma)(carcinoma),allicin,connected,connected,autophagy,,signalling pathway,hep g2,human,liver,high,direct,"[95,96]",ai,516,518,,,,target,,
pmc7570905,6.0,beclin-1(g),beclin-1(g),becn1,cancer(liver cancer)(carcinoma),allicin,connected,activator,,,,hep g2,human,liver,medium,citation,"[95, 96]",human,beclin-1(g),beclin-1(g),becn1,cancer(hepatocellular carcinoma)(carcinoma),allicin,connected,connected,autophagy,,signalling pathway,hep g2,human,liver,high,direct,"[95,96]",ai,517,519,,,,target,,
pmc7570905,6.0,bcl-2(g),bcl-2(g),bcl2,cancer(liver cancer)(carcinoma),allicin,connected,activator,,,,hep g2,human,liver,medium,citation,"[95, 96]",human,bcl-2(g),bcl-2(g),bcl2,cancer(hepatocellular carcinoma)(carcinoma),allicin,connected,connected,autophagy,,,hep g2,human,liver,high,direct,"[95,96]",ai,518,516,,,,target,,
pmc7570905,7.0,p53(g),p53(g),tp53,cancer(na)(na),dads,connected,connected,,"cell cycle arrest, apoptosis, ros",,,,,high,citation,"[110, 111]",human,p53(g),p53(g),tp53,cancer(na)(na),dads,connected,connected,apoptotic cell death,cell cycle arrest,redox stress,,,,high,citation,"[110,111]",ai,521,521,,,,target,,
pmc7570905,7.0,cyclin b1(g),cyclin b1(g),ccnb1,cancer(na)(na),dads,connected,connected,,"cell cycle arrest, apoptosis, ros",,,,,high,citation,"[110, 111]",human,cyclin b1(g),cyclin b1(g),ccnb1,cancer(na)(na),dads,connected,connected,apoptotic cell death,cell cycle arrest,redox stress,,,,high,citation,"[110,111]",ai,522,522,,,,target,,
pmc7570905,11.0,nat(g),nat(g),nat(fam),cancer(bladder and colon cancer)(carcinoma),"das, dads",connected,inhibitor,,"carcinogenesis, cell growth, dna adduct formation",,,human,,high,citation,"[200, 201]",human,arylamine n-acetyltransferase(p),arylamine n-acetyltransferase(p),nat(fam),"cancer(bladder cancer)(carcinoma),cancer(colon cancer)(carcinoma)","das,dads",progression,inhibitor,"carcinogen production,cell growth,dna adduct formation",inhibition of nat activity,dose-dependent,,,,high,direct,[201],ai,543,543,,,,,,
pmc7570905,11.0,p53(g),p53(g),tp53,cancer(liver cancer)(carcinoma),allicin,connected,activator,,autophagic cell death,,hep g2,human,liver,high,citation,"[202, 203]",human,p53,p53,tp53,cancer(liver cancer)(carcinoma),allicin,progression,activator,autophagic cell death,,,hepg2,,liver,high,direct,[202],ai,544,545,,,,,,
pmc7570905,11.0,mtor(g)(path),mtor(g)(path),mtor,cancer(liver cancer)(carcinoma),allicin,connected,inhibitor,,autophagic cell death,,hep g2,human,liver,high,citation,[203],human,mtor,mtor,mtor,cancer(liver cancer)(carcinoma),allicin,progression,activator,autophagic cell death,ampk activation,,hepg2,,liver,high,direct,[203],ai,545,544,,,,,,
pmc7570905,11.0,bax(g),bax(g),bax,cancer(ovarian cancer)(carcinoma),allicin,connected,activator,,apoptosis,"mitochondrial translocation, cytochrome c release",skov3,human,ovary,high,citation,"[204, 205]",human,bax,bax,bax,cancer(ovarian cancer)(carcinoma),allicin,progression,activator,apoptosis,mitochondrial translocation,,skov3,,ovary,high,direct,[205],ai,547,552,,,,,,
pmc7570905,11.0,jnk(g)(path),jnk(g)(path),jnk(fam),cancer(ovarian cancer)(carcinoma),allicin,connected,activator,,apoptosis,"mitochondrial translocation, cytochrome c release",skov3,human,ovary,high,citation,[205],human,jnk,jnk,mapk(jnk),cancer(ovarian cancer)(carcinoma),allicin,progression,activator,apoptosis,"jnk pathway activation, mitochondrial translocation of bax, cytochrome c release",,skov3,,ovary,high,direct,[205],ai,548,546,,,,,,
pmc7570905,11.0,cytochrome c(g),cytochrome c(g),cyc1(fam),cancer(ovarian cancer)(carcinoma),allicin,connected,activator,,apoptosis,"mitochondrial translocation, cytochrome c release",skov3,human,ovary,high,citation,[205],human,cytochrome c,cytochrome c,cycs,cancer(ovarian cancer)(carcinoma),allicin,progression,activator,apoptosis,cytochrome c release,,skov3,,ovary,high,direct,[205],ai,549,553,,,,,,
pmc7570905,11.0,bcl2(g),bcl2(g),bcl2,cancer(glioblastoma)(glioma),allicin,connected,inhibitor,,apoptosis,,u87mg,human,brain,high,citation,[206],human,bcl2,bcl2,bcl2,cancer(glioblastoma)(carcinoma),allicin,progression,inhibitor,"cell viability, apoptosis",regulation of bac/bcl2 and mapk/erk signalling pathways,,u87mg,,brain,high,direct,[206],ai,550,548,,,,,,
pmc7570905,11.0,mapk(g)(path),mapk(g)(path),mapk(fam),cancer(glioblastoma)(glioma),allicin,connected,inhibitor,,apoptosis,,u87mg,human,brain,high,citation,[206],human,mapk,mapk,mapk(fam),cancer(glioblastoma)(carcinoma),allicin,progression,inhibitor,"cell viability, apoptosis",regulation of bac/bcl2 and mapk/erk signalling pathways,,u87mg,,brain,high,direct,[206],ai,551,554,,,,,,
pmc7570905,11.0,erk(g)(path),erk(g)(path),erk(fam),cancer(glioblastoma)(glioma),allicin,connected,inhibitor,,apoptosis,,u87mg,human,brain,high,citation,[206],human,erk,erk,mapk(erk),cancer(glioblastoma)(carcinoma),allicin,progression,inhibitor,"cell viability, apoptosis",regulation of bac/bcl2 and mapk/erk signalling pathways,,u87mg,,brain,high,direct,[206],ai,552,555,,,,,,
pmc7570905,11.0,nf-κb(g)(path),nf-κb(g)(path),nfkb(fam),cancer(promyeloleukaemic)(leukemia),ajoene,connected,activator,,"apoptosis, ros generation",,hl-60,human,blood,high,citation,"[207, 208]",human,nf-κb,nf-κb,nfkb(fam),cancer(promyelocytic leukemia)(leukemia),ajoene,progression,activator,"apoptosis, ros generation",nf-κb signaling cascade activation,,hl-60,human,,high,direct,[208],ai,553,549,,,,,,
pmc7570905,11.0,pi3k(g)(path),pi3k(g)(path),pik3ca,cancer(colon cancer)(carcinoma),black garlic (bg),connected,inhibitor,,apoptosis,,,human,colon,high,citation,[209],human,pi3k,pi3k,pik3ca,cancer(colon cancer)(carcinoma),black garlic,progression,inhibitor,apoptosis,pi3k/akt pathway regulation,,,bg,colon,high,direct,[209],ai,554,550,,,,,,
pmc7570905,11.0,akt(g)(path),akt(g)(path),akt(fam),cancer(colon cancer)(carcinoma),black garlic (bg),connected,inhibitor,,apoptosis,,,human,colon,high,citation,[209],human,akt,akt,akt(fam),cancer(colon cancer)(carcinoma),black garlic,progression,inhibitor,apoptosis,pi3k/akt pathway regulation,,,bg,colon,high,direct,[209],ai,555,551,,,,,,
pmc7570905,12.0,il-2(g),il-2(g),il2,inflammatory bowel disease(na)(na),garlic extract (allicin and das),connected,inhibitor,pro inflammation,inflammation,cytokine production,,,intestine,high,citation,"[215, 216]",human,il2(p),il2(p),il2,inflammatory bowel disease(na)(na),garlic extract,connected,inhibitor,inflammation,anti-inflammation,cytokine,,,,high,citation,"[216,217]",ai,557,560,,,,,,
pmc7570905,12.0,il-10(g),il-10(g),il10,inflammatory bowel disease(na)(na),garlic extract (allicin and das),connected,activator,anti inflammation,inflammation,cytokine production,,,intestine,high,citation,"[215, 216]",human,interleukin-10(p),interleukin-10(p),il10,inflammatory bowel disease(na)(na),garlic extract,connected,activator,inflammation,anti-inflammation,cytokine,,,,high,citation,"[216,217]",ai,558,559,,,,,,
pmc7570905,12.0,tnf-α(g),tnf-α(g),tnf,inflammatory bowel disease(na)(na),garlic extract (allicin and das),connected,inhibitor,pro inflammation,inflammation,cytokine production,,,intestine,high,citation,"[215, 216]",human,tnf-α(p),tnf-α(p),tnf,inflammatory bowel disease(na)(na),garlic extract,connected,inhibitor,inflammation,anti-inflammation,cytokine,,,,high,citation,"[216,217]",ai,559,561,,,,,,
pmc7570905,12.0,il-1α(g),il-1α(g),il1a,inflammatory bowel disease(na)(na),garlic extract (allicin and das),connected,inhibitor,pro inflammation,inflammation,cytokine production,,,intestine,high,citation,"[215, 216]",human,il-1α(p),il-1α(p),il1a,inflammatory bowel disease(na)(na),garlic extract,connected,inhibitor,inflammation,anti-inflammation,cytokine,,,,high,citation,"[216,217]",ai,560,557,,,,,,
pmc7570905,12.0,il-6(g),il-6(g),il6,inflammatory bowel disease(na)(na),garlic extract (allicin and das),connected,inhibitor,pro inflammation,inflammation,cytokine production,,,intestine,high,citation,"[215, 216]",human,il-6(p),il-6(p),il6,inflammatory bowel disease(na)(na),garlic extract,connected,inhibitor,inflammation,anti-inflammation,cytokine,,,,high,citation,"[216,217]",ai,561,562,,,,,,
pmc7570905,12.0,il-8(g),il-8(g),cxcl8,inflammatory bowel disease(na)(na),garlic extract (allicin and das),connected,inhibitor,pro inflammation,inflammation,cytokine production,,,intestine,high,citation,"[215, 216]",human,il-8(p),il-8(p),cxcl8,inflammatory bowel disease(na)(na),garlic extract,connected,inhibitor,inflammation,anti-inflammation,cytokine,,,,high,citation,"[216,217]",ai,562,558,,,,,,
pmc7570905,12.0,ifnγ(g),ifnγ(g),ifng,inflammatory bowel disease(na)(na),garlic extract (allicin and das),connected,inhibitor,pro inflammation,inflammation,cytokine production,,,intestine,high,citation,"[215, 216]",human,ifnγ(p),ifnγ(p),ifng,inflammatory bowel disease(na)(na),garlic extract,connected,inhibitor,inflammation,anti-inflammation,cytokine,,,,high,citation,"[216,217]",ai,563,563,,,,,,
pmc7570905,12.0,nos(g),nos(g),nos(fam),leishmania major infection(na)(na),garlic extract (allicin and das),connected,activator,,immune response,phagocytic activity,,,,medium,citation,"[218, 219, 220]",human,nitric oxide synthase(p),nitric oxide synthase(p),nos(fam),leishmania major infection(na)(na),garlic extract,connected,activator,,immune response,,macrophage,,,high,citation,"[219,220]",ai,564,564,,,,,,
